Num_Questions,Score_Threshold,Precision_Rate,Recall,F0.5,Predicted_Successful_Founders
1,1,0.023816,0.563291,0.029458,3741
2,1,0.022129,0.905063,0.027494,6467
2,2,0.02802,0.386076,0.034401,2181
3,1,0.022005,0.955696,0.027349,6867
3,2,0.026737,0.64557,0.033078,3819
3,3,0.034965,0.253165,0.042248,1148
4,1,0.021303,0.968354,0.026483,7187
4,2,0.027495,0.803797,0.034077,4624
4,3,0.034277,0.436709,0.042022,2017
4,4,0.04,0.113924,0.045965,454
5,1,0.020642,0.981013,0.025667,7514
5,2,0.025372,0.886076,0.031489,5523
5,3,0.032605,0.613924,0.040222,2979
5,4,0.04141,0.297468,0.050021,1139
5,5,0.043478,0.056962,0.045639,211
6,1,0.020352,0.981013,0.025309,7621
6,2,0.024346,0.924051,0.030233,6002
6,3,0.030199,0.721519,0.037357,3780
6,4,0.038331,0.5,0.047013,2065
6,5,0.049941,0.265823,0.059625,845
6,6,0.037736,0.037975,0.037783,163
7,1,0.020177,0.981013,0.025092,7687
7,2,0.023697,0.955696,0.029439,6377
7,3,0.028431,0.803797,0.035227,4472
7,4,0.036604,0.613924,0.045083,2654
7,5,0.045652,0.398734,0.055477,1384
7,6,0.059846,0.196203,0.069507,522
7,7,0.031579,0.018987,0.027881,99
8,1,0.02018,0.981013,0.025096,7686
8,2,0.023645,0.955696,0.029375,6391
8,3,0.028076,0.810127,0.034794,4564
8,4,0.036001,0.651899,0.044389,2866
8,5,0.042012,0.449367,0.051315,1694
8,6,0.055831,0.28481,0.066529,810
8,7,0.07037,0.120253,0.076737,274
8,8,0.02,0.006329,0.013966,54
9,1,0.019813,0.993671,0.024644,7929
9,2,0.021271,0.974684,0.026444,7245
9,3,0.025271,0.943038,0.031379,5901
9,4,0.029597,0.772152,0.036645,4127
9,5,0.038117,0.620253,0.046926,2576
9,6,0.04607,0.43038,0.056087,1480
9,7,0.057389,0.253165,0.067889,701
9,8,0.065217,0.094937,0.069573,234
9,9,0.02381,0.006329,0.015337,46
10,1,0.019743,0.993671,0.024557,7957
10,2,0.020819,0.974684,0.025886,7402
10,3,0.024068,0.955696,0.029896,6279
10,4,0.026609,0.816456,0.032992,4853
10,5,0.032373,0.689873,0.039997,3372
10,6,0.040665,0.556962,0.049921,2168
10,7,0.048544,0.379747,0.0588,1240
10,8,0.061644,0.227848,0.072173,588
10,9,0.064356,0.082278,0.067288,206
10,10,0.028571,0.006329,0.016779,39
11,1,0.019748,0.993671,0.024563,7955
11,2,0.020666,0.974684,0.025696,7457
11,3,0.023421,0.962025,0.029099,6495
11,4,0.025933,0.879747,0.032179,5365
11,5,0.029201,0.746835,0.036148,4046
11,6,0.03574,0.632911,0.044053,2803
11,7,0.042254,0.474684,0.051667,1779
11,8,0.050534,0.329114,0.060833,1033
11,9,0.062136,0.202532,0.072137,519
11,10,0.057895,0.06962,0.059913,194
11,11,0.028571,0.006329,0.016779,39
12,1,0.019854,1.0,0.024695,7963
12,2,0.020522,0.974684,0.025519,7509
12,3,0.022902,0.962025,0.028458,6642
12,4,0.02528,0.898734,0.03138,5622
12,5,0.028584,0.797468,0.035413,4413
12,6,0.032515,0.670886,0.040158,3265
12,7,0.039106,0.575949,0.048067,2331
12,8,0.043591,0.424051,0.053124,1541
12,9,0.049409,0.291139,0.059248,935
12,10,0.064777,0.202532,0.074977,498
12,11,0.058824,0.06962,0.060706,191
12,12,0.028571,0.006329,0.016779,39
13,1,0.019824,1.0,0.024658,7975
13,2,0.020557,0.981013,0.025562,7545
13,3,0.022612,0.962025,0.0281,6727
13,4,0.024666,0.898734,0.030622,5762
13,5,0.027664,0.810127,0.034287,4632
13,6,0.031393,0.696203,0.038803,3509
13,7,0.037322,0.613924,0.045954,2604
13,8,0.041511,0.493671,0.050821,1883
13,9,0.04549,0.367089,0.055154,1279
13,10,0.057366,0.278481,0.068196,771
13,11,0.056373,0.14557,0.064246,412
13,12,0.058824,0.056962,0.058442,157
13,13,0.033333,0.006329,0.017986,34
14,1,0.019752,1.0,0.024569,8004
14,2,0.020269,0.981013,0.025207,7652
14,3,0.02228,0.974684,0.027692,6917
14,4,0.024716,0.936709,0.030693,5993
14,5,0.026531,0.822785,0.032898,4905
14,6,0.031126,0.746835,0.038507,3796
14,7,0.035298,0.632911,0.043516,2838
14,8,0.041326,0.544304,0.050696,2085
14,9,0.043568,0.398734,0.053012,1450
14,10,0.049251,0.291139,0.059065,938
14,11,0.057301,0.196203,0.066753,545
14,12,0.053061,0.082278,0.057118,249
14,13,0.042254,0.018987,0.033937,75
14,14,0.0,0.0,0.0,12
15,1,0.019706,1.0,0.024511,8023
15,2,0.020088,0.981013,0.024982,7721
15,3,0.021548,0.974684,0.026786,7152
15,4,0.023922,0.962025,0.029718,6359
15,5,0.025172,0.85443,0.031236,5368
15,6,0.028604,0.78481,0.035433,4340
15,7,0.032977,0.702532,0.040743,3371
15,8,0.037236,0.613924,0.04585,2610
15,9,0.041047,0.506329,0.050289,1953
15,10,0.04246,0.367089,0.051583,1370
15,11,0.050223,0.28481,0.060128,900
15,12,0.053743,0.177215,0.062444,525
15,13,0.053942,0.082278,0.057932,245
15,14,0.042254,0.018987,0.033937,75
15,15,0.0,0.0,0.0,12
16,1,0.01972,1.0,0.02453,8017
16,2,0.020099,0.981013,0.024995,7717
16,3,0.021557,0.974684,0.026798,7149
16,4,0.023933,0.962025,0.029732,6356
16,5,0.025172,0.85443,0.031236,5368
16,6,0.028506,0.78481,0.035312,4355
16,7,0.032532,0.702532,0.0402,3417
16,8,0.037341,0.632911,0.045998,2683
16,9,0.04,0.525316,0.049066,2079
16,10,0.040558,0.405063,0.049459,1582
16,11,0.045936,0.329114,0.055484,1136
16,12,0.051144,0.240506,0.060703,747
16,13,0.05467,0.151899,0.062696,443
16,14,0.0553,0.075949,0.05848,221
16,15,0.05,0.018987,0.037688,64
16,16,0.0,0.0,0.0,11
17,1,0.019681,1.0,0.024481,8033
17,2,0.020034,0.981013,0.024915,7742
17,3,0.021315,0.974684,0.026499,7230
17,4,0.023428,0.962025,0.029108,6493
17,5,0.024443,0.860759,0.030338,5569
17,6,0.027198,0.791139,0.033707,4601
17,7,0.030864,0.727848,0.038176,3731
17,8,0.03557,0.670886,0.043881,2985
17,9,0.038542,0.582278,0.047393,2392
17,10,0.037982,0.443038,0.046481,1847
17,11,0.040919,0.360759,0.049738,1397
17,12,0.048563,0.310127,0.058417,1013
17,13,0.051908,0.21519,0.061195,659
17,14,0.055696,0.139241,0.063291,399
17,15,0.059459,0.06962,0.061247,189
17,16,0.055556,0.018987,0.040107,58
17,17,0.0,0.0,0.0,11
18,1,0.019684,1.0,0.024484,8032
18,2,0.020018,0.981013,0.024896,7748
18,3,0.021227,0.974684,0.02639,7260
18,4,0.023313,0.968354,0.028966,6568
18,5,0.024428,0.892405,0.030328,5777
18,6,0.026386,0.816456,0.032718,4894
18,7,0.030303,0.778481,0.037514,4064
18,8,0.032857,0.683544,0.040583,3292
18,9,0.038124,0.632911,0.046948,2628
18,10,0.039561,0.525316,0.048538,2102
18,11,0.040574,0.411392,0.049497,1606
18,12,0.041702,0.310127,0.050432,1179
18,13,0.051313,0.272152,0.061254,842
18,14,0.053211,0.183544,0.062019,549
18,15,0.05848,0.126582,0.065531,346
18,16,0.069182,0.06962,0.06927,163
18,17,0.058824,0.018987,0.041436,55
18,18,0.0,0.0,0.0,11
19,1,0.019688,1.0,0.02449,8031
19,2,0.02001,0.981013,0.024886,7751
19,3,0.021212,0.974684,0.026372,7265
19,4,0.02321,0.968354,0.02884,6597
19,5,0.02431,0.892405,0.030182,5805
19,6,0.026659,0.829114,0.033057,4919
19,7,0.029963,0.778481,0.037097,4110
19,8,0.033144,0.702532,0.040947,3354
19,9,0.037161,0.632911,0.045779,2696
19,10,0.040148,0.550633,0.049286,2171
19,11,0.040549,0.43038,0.049519,1681
19,12,0.042105,0.329114,0.051,1239
19,13,0.049127,0.28481,0.05887,920
19,14,0.053782,0.202532,0.063042,599
19,15,0.056,0.132911,0.063329,379
19,16,0.07767,0.101266,0.081466,210
19,17,0.081395,0.044304,0.069721,90
19,18,0.117647,0.012658,0.044248,21
19,19,0.0,0.0,0.0,7
20,1,0.019688,1.0,0.02449,8031
20,2,0.020008,0.981013,0.024883,7752
20,3,0.021168,0.974684,0.026318,7280
20,4,0.023046,0.968354,0.028637,6644
20,5,0.024382,0.905063,0.030274,5870
20,6,0.026712,0.85443,0.03313,5059
20,7,0.028887,0.778481,0.035777,4263
20,8,0.033114,0.734177,0.040932,3508
20,9,0.035778,0.632911,0.044099,2800
20,10,0.039714,0.563291,0.048783,2246
20,11,0.04041,0.449367,0.049402,1761
20,12,0.042912,0.35443,0.052064,1309
20,13,0.049009,0.297468,0.058838,963
20,14,0.056338,0.227848,0.066323,643
20,15,0.055556,0.14557,0.063396,418
20,16,0.076596,0.113924,0.081967,239
20,17,0.083333,0.063291,0.07837,124
20,18,0.1,0.018987,0.053957,34
20,19,0.222222,0.012658,0.051546,13
20,20,0.0,0.0,0.0,4
21,1,0.019684,1.0,0.024484,8033
21,2,0.019951,0.981013,0.024813,7774
21,3,0.020932,0.974684,0.026026,7362
21,4,0.022687,0.968354,0.028193,6749
21,5,0.024321,0.924051,0.030203,6008
21,6,0.026382,0.867089,0.032728,5198
21,7,0.028824,0.803797,0.03571,4411
21,8,0.032913,0.759494,0.0407,3651
21,9,0.03488,0.651899,0.043024,2958
21,10,0.038284,0.575949,0.047072,2382
21,11,0.040936,0.487342,0.050117,1885
21,12,0.041637,0.367089,0.050611,1397
21,13,0.046829,0.303797,0.056364,1029
21,14,0.053061,0.246835,0.062944,739
21,15,0.056723,0.170886,0.06547,480
21,16,0.068345,0.120253,0.074803,282
21,17,0.067568,0.063291,0.066667,152
21,18,0.078431,0.025316,0.055249,55
21,19,0.1875,0.018987,0.067568,20
21,20,0.333333,0.006329,0.029412,7
21,21,0.0,0.0,0.0,4
22,1,0.019684,1.0,0.024484,8033
22,2,0.019887,0.981013,0.024734,7799
22,3,0.020901,0.981013,0.025988,7421
22,4,0.022433,0.974684,0.02788,6870
22,5,0.023959,0.943038,0.02976,6224
22,6,0.025037,0.867089,0.031071,5477
22,7,0.027438,0.822785,0.034014,4743
22,8,0.031054,0.78481,0.038438,3998
22,9,0.033424,0.696203,0.041285,3296
22,10,0.035768,0.607595,0.044061,2689
22,11,0.039945,0.550633,0.049042,2182
22,12,0.041183,0.449367,0.050326,1728
22,13,0.041763,0.341772,0.050657,1297
22,14,0.047325,0.291139,0.056846,976
22,15,0.054252,0.234177,0.064103,686
22,16,0.053097,0.151899,0.061038,456
22,17,0.065385,0.107595,0.070952,264
22,18,0.068966,0.063291,0.067751,149
22,19,0.08,0.025316,0.055866,54
22,20,0.1875,0.018987,0.067568,20
22,21,0.333333,0.006329,0.029412,7
22,22,0.0,0.0,0.0,4
23,1,0.019666,1.0,0.024463,8040
23,2,0.019964,0.987342,0.02483,7819
23,3,0.02078,0.981013,0.025839,7464
23,4,0.022133,0.974684,0.02751,6963
23,5,0.023504,0.949367,0.029199,6387
23,6,0.025276,0.911392,0.031378,5702
23,7,0.026389,0.841772,0.03273,5045
23,8,0.029026,0.797468,0.035955,4346
23,9,0.032751,0.759494,0.040502,3669
23,10,0.0333,0.632911,0.041085,3008
23,11,0.03799,0.588608,0.046734,2453
23,12,0.040827,0.512658,0.050037,1988
23,13,0.044248,0.443038,0.053962,1586
23,14,0.044426,0.335443,0.053753,1197
23,15,0.049494,0.278481,0.059235,893
23,16,0.058728,0.227848,0.068966,617
23,17,0.057831,0.151899,0.066007,419
23,18,0.072961,0.107595,0.077982,237
23,19,0.072,0.056962,0.068389,129
23,20,0.093023,0.025316,0.060606,47
23,21,0.1875,0.018987,0.067568,20
23,22,0.5,0.006329,0.03012,6
23,23,0.0,0.0,0.0,4
24,1,0.019669,1.0,0.024466,8039
24,2,0.019962,0.987342,0.024827,7820
24,3,0.020764,0.981013,0.025818,7470
24,4,0.022085,0.974684,0.027451,6978
24,5,0.023498,0.955696,0.029193,6431
24,6,0.025174,0.917722,0.031253,5765
24,7,0.026131,0.848101,0.032414,5133
24,8,0.02834,0.797468,0.035113,4451
24,9,0.031792,0.765823,0.039332,3811
24,10,0.032694,0.658228,0.040366,3186
24,11,0.036673,0.613924,0.045167,2650
24,12,0.038321,0.531646,0.047054,2197
24,13,0.042849,0.487342,0.052409,1801
24,14,0.045265,0.411392,0.055066,1440
24,15,0.045617,0.322785,0.055076,1122
24,16,0.049878,0.259494,0.059489,826
24,17,0.056314,0.208861,0.065947,590
24,18,0.060302,0.151899,0.068571,402
24,19,0.072398,0.101266,0.076775,225
24,20,0.07438,0.056962,0.070093,125
24,21,0.093023,0.025316,0.060606,47
24,22,0.2,0.018987,0.068807,19
24,23,0.5,0.006329,0.03012,6
24,24,0.0,0.0,0.0,4
25,1,0.019654,1.0,0.024448,8045
25,2,0.019934,0.987342,0.024792,7831
25,3,0.0207,0.981013,0.025739,7493
25,4,0.021984,0.974684,0.027326,7010
25,5,0.023385,0.955696,0.029054,6462
25,6,0.02497,0.917722,0.031001,5812
25,7,0.026107,0.85443,0.032387,5176
25,8,0.028044,0.797468,0.034749,4498
25,9,0.031445,0.765823,0.038907,3853
25,10,0.032964,0.677215,0.040709,3251
25,11,0.036531,0.626582,0.045008,2715
25,12,0.037744,0.537975,0.046367,2257
25,13,0.042071,0.493671,0.051492,1858
25,14,0.044696,0.424051,0.054436,1503
25,15,0.04802,0.360759,0.058092,1191
25,16,0.051429,0.28481,0.061509,879
25,17,0.054859,0.221519,0.064576,642
25,18,0.062921,0.177215,0.072239,449
25,19,0.075,0.132911,0.08216,284
25,20,0.078947,0.075949,0.078329,156
25,21,0.103896,0.050633,0.085837,81
25,22,0.137931,0.025316,0.072993,33
25,23,0.25,0.012658,0.052632,12
25,24,0.0,0.0,0.0,4
25,25,0.0,0.0,0.0,4
26,1,0.019662,1.0,0.024457,8042
26,2,0.019936,0.987342,0.024795,7830
26,3,0.020686,0.981013,0.025722,7498
26,4,0.021934,0.974684,0.027264,7026
26,5,0.023241,0.955696,0.028876,6502
26,6,0.024932,0.924051,0.030956,5861
26,7,0.025867,0.85443,0.032091,5224
26,8,0.027626,0.797468,0.034235,4566
26,9,0.030828,0.765823,0.038151,3930
26,10,0.032589,0.683544,0.040256,3319
26,11,0.036007,0.639241,0.044384,2810
26,12,0.039232,0.582278,0.048228,2350
26,13,0.040996,0.5,0.050216,1931
26,14,0.045108,0.449367,0.055005,1578
26,15,0.046363,0.367089,0.05618,1255
26,16,0.051633,0.310127,0.061963,953
26,17,0.053161,0.234177,0.062882,700
26,18,0.06163,0.196203,0.071429,507
26,19,0.075301,0.158228,0.084118,336
26,20,0.078818,0.101266,0.082474,207
26,21,0.084112,0.056962,0.076792,111
26,22,0.111111,0.037975,0.080214,58
26,23,0.157895,0.018987,0.064103,23
26,24,0.2,0.006329,0.02809,9
26,25,0.0,0.0,0.0,4
26,26,0.0,0.0,0.0,4
27,1,0.019662,1.0,0.024457,8042
27,2,0.019934,0.987342,0.024792,7831
27,3,0.020667,0.981013,0.025698,7505
27,4,0.021887,0.974684,0.027207,7041
27,5,0.02306,0.955696,0.028653,6553
27,6,0.024816,0.936709,0.030815,5969
27,7,0.025541,0.867089,0.031692,5369
27,8,0.027343,0.829114,0.033899,4796
27,9,0.029159,0.772152,0.036107,4189
27,10,0.031267,0.708861,0.038658,3587
27,11,0.034757,0.664557,0.042885,3026
27,12,0.037008,0.588608,0.045544,2518
27,13,0.041607,0.550633,0.051044,2096
27,14,0.042566,0.462025,0.052009,1719
27,15,0.046875,0.417722,0.056995,1412
27,16,0.051329,0.35443,0.06192,1095
27,17,0.052821,0.278481,0.063037,837
27,18,0.056198,0.21519,0.065943,609
27,19,0.065022,0.183544,0.074665,450
27,20,0.068729,0.126582,0.075643,295
27,21,0.076923,0.082278,0.077938,173
27,22,0.086957,0.050633,0.076046,96
27,23,0.104167,0.031646,0.071429,52
27,24,0.125,0.012658,0.045045,20
27,25,0.2,0.006329,0.02809,9
27,26,0.0,0.0,0.0,4
27,27,0.0,0.0,0.0,4
28,1,0.019654,1.0,0.024448,8045
28,2,0.0199,0.987342,0.024751,7844
28,3,0.020535,0.981013,0.025535,7553
28,4,0.021508,0.974684,0.026738,7165
28,5,0.022643,0.962025,0.028138,6718
28,6,0.023852,0.936709,0.029626,6210
28,7,0.025027,0.892405,0.031065,5639
28,8,0.026399,0.841772,0.032742,5043
28,9,0.028058,0.791139,0.034765,4460
28,10,0.030021,0.734177,0.037146,3869
28,11,0.032444,0.677215,0.040075,3303
28,12,0.035917,0.639241,0.044275,2817
28,13,0.038462,0.575949,0.047287,2371
28,14,0.041047,0.506329,0.050289,1953
28,15,0.042804,0.436709,0.052225,1616
28,16,0.044479,0.367089,0.053964,1308
28,17,0.053711,0.348101,0.064645,1028
28,18,0.051948,0.253165,0.061767,774
28,19,0.058719,0.208861,0.068579,566
28,20,0.068627,0.177215,0.078212,412
28,21,0.071698,0.120253,0.077997,269
28,22,0.074324,0.06962,0.073333,152
28,23,0.082353,0.044304,0.070281,89
28,24,0.095238,0.025316,0.06135,46
28,25,0.125,0.012658,0.045045,20
28,26,0.25,0.006329,0.028736,8
28,27,0.0,0.0,0.0,4
28,28,0.0,0.0,0.0,4
29,1,0.019666,1.0,0.024463,8041
29,2,0.019893,0.987342,0.024741,7847
29,3,0.020492,0.981013,0.025482,7569
29,4,0.021386,0.974684,0.026587,7206
29,5,0.022412,0.962025,0.027853,6787
29,6,0.023455,0.936709,0.029136,6315
29,7,0.025095,0.917722,0.031156,5783
29,8,0.026065,0.867089,0.032339,5261
29,9,0.027476,0.816456,0.034059,4700
29,10,0.029115,0.765823,0.036051,4161
29,11,0.031337,0.71519,0.038746,3611
29,12,0.033737,0.651899,0.041633,3058
29,13,0.037322,0.613924,0.045954,2604
29,14,0.039595,0.544304,0.04861,2177
29,15,0.041966,0.481013,0.051337,1815
29,16,0.043276,0.411392,0.052708,1506
29,17,0.048576,0.367089,0.058776,1198
29,18,0.055255,0.322785,0.066234,927
29,19,0.055313,0.240506,0.065382,691
29,20,0.060721,0.202532,0.070609,531
29,21,0.065041,0.151899,0.073439,373
29,22,0.073593,0.107595,0.078558,235
29,23,0.081481,0.06962,0.078797,139
29,24,0.069444,0.031646,0.056054,76
29,25,0.083333,0.018987,0.049669,40
29,26,0.153846,0.012658,0.047619,17
29,27,0.25,0.006329,0.028736,8
29,28,0.0,0.0,0.0,4
29,29,0.0,0.0,0.0,4
30,1,0.019662,1.0,0.024457,8043
30,2,0.019857,0.987342,0.024698,7861
30,3,0.020449,0.981013,0.025428,7585
30,4,0.021282,0.974684,0.026459,7241
30,5,0.022307,0.962025,0.027723,6819
30,6,0.023274,0.936709,0.028913,6364
30,7,0.024778,0.917722,0.030765,5857
30,8,0.025881,0.873418,0.032114,5337
30,9,0.027016,0.816456,0.033493,4780
30,10,0.029356,0.78481,0.036355,4229
30,11,0.031284,0.727848,0.038689,3681
30,12,0.033068,0.658228,0.040823,3150
30,13,0.037785,0.639241,0.046544,2678
30,14,0.038904,0.556962,0.047795,2267
30,15,0.041335,0.493671,0.05061,1891
30,16,0.042648,0.424051,0.052002,1575
30,17,0.047059,0.379747,0.057056,1279
30,18,0.054767,0.341772,0.065822,990
30,19,0.062334,0.297468,0.074039,758
30,20,0.058722,0.21519,0.068715,583
30,21,0.068075,0.183544,0.077873,430
30,22,0.06993,0.126582,0.076805,290
30,23,0.089385,0.101266,0.091533,183
30,24,0.102804,0.06962,0.093857,111
30,25,0.090909,0.031646,0.066138,59
30,26,0.096774,0.018987,0.053191,35
30,27,0.111111,0.006329,0.025773,13
30,28,0.333333,0.006329,0.029412,7
30,29,0.0,0.0,0.0,4
30,30,0.0,0.0,0.0,4
31,1,0.019649,1.0,0.024442,8048
31,2,0.019825,0.987342,0.024657,7874
31,3,0.020459,0.987342,0.025442,7630
31,4,0.021096,0.974684,0.026228,7305
31,5,0.022013,0.962025,0.02736,6910
31,6,0.023263,0.949367,0.028902,6453
31,7,0.024297,0.924051,0.030173,6014
31,8,0.025525,0.892405,0.03168,5529
31,9,0.026311,0.829114,0.032629,4984
31,10,0.028014,0.791139,0.034711,4467
31,11,0.02965,0.740506,0.036696,3951
31,12,0.031909,0.689873,0.03943,3421
31,13,0.034809,0.651899,0.042938,2964
31,14,0.037861,0.613924,0.046608,2567
31,15,0.039781,0.550633,0.048843,2192
31,16,0.040305,0.468354,0.04932,1840
31,17,0.043677,0.424051,0.053225,1538
31,18,0.046825,0.373418,0.056753,1264
31,19,0.055328,0.341772,0.06647,980
31,20,0.062334,0.297468,0.074039,758
31,21,0.058824,0.21519,0.068826,582
31,22,0.068235,0.183544,0.078041,429
31,23,0.06993,0.126582,0.076805,290
31,24,0.089385,0.101266,0.091533,183
31,25,0.102804,0.06962,0.093857,111
31,26,0.090909,0.031646,0.066138,59
31,27,0.096774,0.018987,0.053191,35
31,28,0.111111,0.006329,0.025773,13
31,29,0.333333,0.006329,0.029412,7
31,30,0.0,0.0,0.0,4
31,31,0.0,0.0,0.0,4
32,1,0.019652,1.0,0.024445,8047
32,2,0.019822,0.987342,0.024654,7875
32,3,0.020454,0.987342,0.025435,7632
32,4,0.021064,0.974684,0.026189,7316
32,5,0.021959,0.962025,0.027293,6927
32,6,0.023162,0.949367,0.028778,6481
32,7,0.024088,0.924051,0.029916,6066
32,8,0.025559,0.905063,0.031724,5600
32,9,0.02614,0.841772,0.032423,5093
32,10,0.027929,0.810127,0.034613,4588
32,11,0.028844,0.746835,0.03571,4096
32,12,0.031337,0.708861,0.038744,3579
32,13,0.033646,0.658228,0.041527,3096
32,14,0.037065,0.626582,0.045656,2676
32,15,0.040123,0.575949,0.049296,2273
32,16,0.039563,0.481013,0.048457,1925
32,17,0.042698,0.436709,0.052099,1620
32,18,0.047476,0.398734,0.057629,1331
32,19,0.05283,0.35443,0.063665,1064
32,20,0.062577,0.322785,0.074605,819
32,21,0.061129,0.246835,0.071956,642
32,22,0.064315,0.196203,0.074305,486
32,23,0.063444,0.132911,0.07085,335
32,24,0.075221,0.107595,0.080038,230
32,25,0.091549,0.082278,0.089532,146
32,26,0.101266,0.050633,0.084388,83
32,27,0.086957,0.025316,0.05848,50
32,28,0.142857,0.018987,0.061983,25
32,29,0.142857,0.006329,0.026882,11
32,30,0.0,0.0,0.0,6
32,31,0.0,0.0,0.0,4
32,32,0.0,0.0,0.0,4
33,1,0.019657,1.0,0.024451,8045
33,2,0.01983,0.987342,0.024663,7872
33,3,0.020427,0.987342,0.025402,7642
33,4,0.020984,0.974684,0.026089,7344
33,5,0.021773,0.962025,0.027064,6986
33,6,0.022866,0.949367,0.028411,6565
33,7,0.023694,0.924051,0.029428,6167
33,8,0.025122,0.911392,0.031188,5737
33,9,0.026043,0.873418,0.032312,5304
33,10,0.027055,0.822785,0.033543,4810
33,11,0.028755,0.791139,0.035621,4352
33,12,0.029905,0.734177,0.037004,3884
33,13,0.031896,0.683544,0.03941,3391
33,14,0.034979,0.64557,0.04314,2921
33,15,0.037361,0.594937,0.045979,2521
33,16,0.041242,0.563291,0.050626,2163
33,17,0.040371,0.468354,0.049399,1837
33,18,0.044951,0.436709,0.054779,1539
33,19,0.047809,0.379747,0.057937,1259
33,20,0.055165,0.348101,0.066329,1001
33,21,0.062982,0.310127,0.074924,782
33,22,0.061489,0.240506,0.072243,622
33,23,0.063457,0.183544,0.073011,461
33,24,0.0625,0.126582,0.069541,324
33,25,0.080952,0.107595,0.08517,214
33,26,0.094891,0.082278,0.092068,141
33,27,0.108108,0.050633,0.088106,78
33,28,0.068182,0.018987,0.04491,48
33,29,0.157895,0.018987,0.064103,23
33,30,0.142857,0.006329,0.026882,11
33,31,0.0,0.0,0.0,6
33,32,0.0,0.0,0.0,4
33,33,0.0,0.0,0.0,4
34,1,0.019654,1.0,0.024448,8046
34,2,0.019827,0.987342,0.02466,7873
34,3,0.020411,0.987342,0.025382,7648
34,4,0.020944,0.974684,0.02604,7358
34,5,0.021686,0.962025,0.026956,7014
34,6,0.022841,0.955696,0.028381,6616
34,7,0.023592,0.93038,0.029304,6236
34,8,0.025112,0.924051,0.031178,5819
34,9,0.026039,0.892405,0.032313,5420
34,10,0.026699,0.835443,0.033109,4949
34,11,0.028019,0.797468,0.034718,4502
34,12,0.030002,0.765823,0.037139,4038
34,13,0.030936,0.702532,0.038249,3593
34,14,0.033953,0.670886,0.04191,3127
34,15,0.036384,0.626582,0.044829,2726
34,16,0.039587,0.582278,0.048657,2329
34,17,0.041331,0.518987,0.050655,1988
34,18,0.043943,0.468354,0.05367,1688
34,19,0.047482,0.417722,0.057712,1394
34,20,0.051556,0.367089,0.062258,1129
34,21,0.057778,0.329114,0.069186,904
34,22,0.060056,0.272152,0.071145,720
34,23,0.059754,0.21519,0.069844,573
34,24,0.064133,0.170886,0.07329,425
34,25,0.067114,0.126582,0.074074,302
34,26,0.085,0.107595,0.088727,204
34,27,0.098485,0.082278,0.094752,136
34,28,0.111111,0.050633,0.089686,76
34,29,0.071429,0.018987,0.046012,46
34,30,0.157895,0.018987,0.064103,23
34,31,0.142857,0.006329,0.026882,11
34,32,0.0,0.0,0.0,6
34,33,0.0,0.0,0.0,4
34,34,0.0,0.0,0.0,4
35,1,0.019669,1.0,0.024466,8042
35,2,0.01984,0.987342,0.024676,7868
35,3,0.020427,0.987342,0.025402,7642
35,4,0.020955,0.974684,0.026054,7354
35,5,0.021677,0.962025,0.026945,7017
35,6,0.022823,0.955696,0.02836,6621
35,7,0.023569,0.93038,0.029276,6242
35,8,0.025051,0.924051,0.031104,5833
35,9,0.025933,0.892405,0.032183,5442
35,10,0.026913,0.848101,0.033377,4984
35,11,0.027802,0.797468,0.034453,4537
35,12,0.029584,0.765823,0.036627,4095
35,13,0.030744,0.708861,0.038018,3648
35,14,0.033438,0.677215,0.041287,3205
35,15,0.036403,0.64557,0.044871,2807
35,16,0.038256,0.588608,0.047055,2436
35,17,0.040631,0.537975,0.049848,2097
35,18,0.041368,0.474684,0.050607,1817
35,19,0.045484,0.443038,0.055432,1543
35,20,0.049219,0.398734,0.059682,1284
35,21,0.053038,0.348101,0.063864,1041
35,22,0.058608,0.303797,0.069889,823
35,23,0.063422,0.272152,0.074913,682
35,24,0.060377,0.202532,0.070237,534
35,25,0.065823,0.164557,0.074799,399
35,26,0.071685,0.126582,0.078493,283
35,27,0.089474,0.107595,0.092593,194
35,28,0.089431,0.06962,0.084615,127
35,29,0.114286,0.050633,0.091324,74
35,30,0.071429,0.018987,0.046012,46
35,31,0.166667,0.018987,0.065217,22
35,32,0.142857,0.006329,0.026882,11
35,33,0.0,0.0,0.0,6
35,34,0.0,0.0,0.0,4
35,35,0.0,0.0,0.0,4
36,1,0.019676,1.0,0.024475,8039
36,2,0.019884,1.0,0.024732,7951
36,3,0.020018,0.987342,0.024896,7798
36,4,0.020617,0.981013,0.025637,7523
36,5,0.021285,0.974684,0.026462,7240
36,6,0.022023,0.962025,0.027372,6907
36,7,0.023049,0.949367,0.028637,6513
36,8,0.023996,0.93038,0.029803,6131
36,9,0.025179,0.911392,0.031258,5724
36,10,0.026574,0.892405,0.032972,5311
36,11,0.027417,0.841772,0.033994,4856
36,12,0.028487,0.797468,0.035294,4428
36,13,0.03025,0.759494,0.037439,3972
36,14,0.031472,0.702532,0.038904,3532
36,15,0.034127,0.670886,0.042124,3111
36,16,0.036805,0.632911,0.045347,2722
36,17,0.039642,0.588608,0.048732,2351
36,18,0.040715,0.518987,0.049915,2019
36,19,0.04193,0.462025,0.05125,1745
36,20,0.047361,0.443038,0.057661,1482
36,21,0.049796,0.386076,0.060301,1229
36,22,0.054082,0.335443,0.064983,984
36,23,0.059494,0.297468,0.070826,794
36,24,0.059816,0.246835,0.070499,656
36,25,0.063008,0.196203,0.072907,496
36,26,0.07027,0.164557,0.079365,374
36,27,0.077821,0.126582,0.084317,261
36,28,0.092391,0.107595,0.095078,188
36,29,0.095652,0.06962,0.088997,119
36,30,0.089552,0.037975,0.070423,71
36,31,0.078947,0.018987,0.048387,42
36,32,0.1875,0.018987,0.067568,20
36,33,0.166667,0.006329,0.027473,10
36,34,0.0,0.0,0.0,6
36,35,0.0,0.0,0.0,4
36,36,0.0,0.0,0.0,4
37,1,0.019681,1.0,0.024481,8037
37,2,0.019889,1.0,0.024739,7950
37,3,0.020008,0.987342,0.024884,7802
37,4,0.020606,0.981013,0.025623,7527
37,5,0.021268,0.974684,0.02644,7246
37,6,0.021975,0.962025,0.027313,6922
37,7,0.022967,0.949367,0.028537,6536
37,8,0.023941,0.93038,0.029735,6145
37,9,0.025065,0.911392,0.031118,5750
37,10,0.026434,0.892405,0.0328,5339
37,11,0.027232,0.841772,0.033767,4889
37,12,0.028283,0.797468,0.035043,4460
37,13,0.03022,0.765823,0.037406,4009
37,14,0.031259,0.702532,0.038644,3556
37,15,0.033629,0.670886,0.041517,3157
37,16,0.037158,0.64557,0.045789,2750
37,17,0.039265,0.594937,0.048284,2399
37,18,0.041262,0.537975,0.050607,2065
37,19,0.040714,0.462025,0.049795,1797
37,20,0.045692,0.443038,0.055679,1536
37,21,0.049334,0.398734,0.059818,1281
37,22,0.056256,0.367089,0.067725,1035
37,23,0.059107,0.310127,0.070524,833
37,24,0.065312,0.28481,0.077213,693
37,25,0.066543,0.227848,0.077519,545
37,26,0.063882,0.164557,0.072788,411
37,27,0.075085,0.139241,0.082707,297
37,28,0.090476,0.120253,0.09519,214
37,29,0.101351,0.094937,0.1,152
37,30,0.114583,0.06962,0.101476,100
37,31,0.103448,0.037975,0.076923,62
37,32,0.09375,0.018987,0.052448,36
37,33,0.071429,0.006329,0.023364,18
37,34,0.2,0.006329,0.02809,9
37,35,0.0,0.0,0.0,6
37,36,0.0,0.0,0.0,4
37,37,0.0,0.0,0.0,4
38,1,0.019679,1.0,0.024478,8038
38,2,0.019882,1.0,0.024729,7953
38,3,0.019992,0.987342,0.024865,7808
38,4,0.020522,0.981013,0.025519,7558
38,5,0.021102,0.974684,0.026235,7303
38,6,0.021696,0.962025,0.026968,7011
38,7,0.022697,0.955696,0.028203,6658
38,8,0.023344,0.93038,0.028999,6302
38,9,0.024564,0.917722,0.030501,5908
38,10,0.025878,0.905063,0.032118,5531
38,11,0.026714,0.860759,0.033135,5096
38,12,0.027509,0.810127,0.034097,4658
38,13,0.029412,0.78481,0.036423,4221
38,14,0.030079,0.721519,0.037211,3795
38,15,0.031874,0.677215,0.039379,3362
38,16,0.035306,0.664557,0.043554,2979
38,17,0.03775,0.620253,0.046481,2601
38,18,0.040422,0.582278,0.049665,2281
38,19,0.040282,0.506329,0.049371,1990
38,20,0.04259,0.462025,0.052039,1718
38,21,0.043776,0.405063,0.05328,1466
38,22,0.050987,0.392405,0.061728,1220
38,23,0.054656,0.341772,0.065693,992
38,24,0.060075,0.303797,0.071556,803
38,25,0.063733,0.265823,0.075161,663
38,26,0.067698,0.221519,0.078616,521
38,27,0.066838,0.164557,0.075846,393
38,28,0.075,0.132911,0.08216,284
38,29,0.089109,0.113924,0.093168,206
38,30,0.105634,0.094937,0.103306,146
38,31,0.106383,0.063291,0.093633,98
38,32,0.09434,0.031646,0.067568,57
38,33,0.09375,0.018987,0.052448,36
38,34,0.071429,0.006329,0.023364,18
38,35,0.2,0.006329,0.02809,9
38,36,0.0,0.0,0.0,6
38,37,0.0,0.0,0.0,4
38,38,0.0,0.0,0.0,4
39,1,0.019557,0.993671,0.024326,8037
39,2,0.019756,0.993671,0.024573,7953
39,3,0.019864,0.981013,0.024705,7808
39,4,0.020384,0.974684,0.025347,7560
39,5,0.021099,0.974684,0.026232,7304
39,6,0.021544,0.955696,0.026779,7014
39,7,0.022509,0.949367,0.02797,6669
39,8,0.023142,0.924051,0.028747,6314
39,9,0.024333,0.911392,0.030214,5923
39,10,0.025581,0.898734,0.03175,5556
39,11,0.026326,0.85443,0.032656,5133
39,12,0.027724,0.822785,0.034366,4694
39,13,0.029115,0.78481,0.036059,4264
39,14,0.029995,0.727848,0.037111,3839
39,15,0.031634,0.683544,0.039091,3419
39,16,0.034539,0.664557,0.042621,3045
39,17,0.037387,0.626582,0.046047,2653
39,18,0.039604,0.582278,0.048677,2328
39,19,0.04,0.512658,0.049043,2029
39,20,0.041762,0.462025,0.051049,1752
39,21,0.042695,0.405063,0.051999,1503
39,22,0.05044,0.398734,0.061118,1253
39,23,0.053606,0.348101,0.064524,1030
39,24,0.060386,0.316456,0.072046,832
39,25,0.06305,0.272152,0.074498,686
39,26,0.064103,0.221519,0.074722,550
39,27,0.068127,0.177215,0.077691,415
39,28,0.07309,0.139241,0.080764,305
39,29,0.080717,0.113924,0.085714,227
39,30,0.101911,0.101266,0.101781,161
39,31,0.119266,0.082278,0.109428,113
39,32,0.097222,0.044304,0.078475,76
39,33,0.1,0.025316,0.062893,44
39,34,0.052632,0.006329,0.021368,23
39,35,0.111111,0.006329,0.025773,13
39,36,0.0,0.0,0.0,8
39,37,0.0,0.0,0.0,5
39,38,0.0,0.0,0.0,4
39,39,0.0,0.0,0.0,4
40,1,0.019559,0.993671,0.024329,8036
40,2,0.019753,0.993671,0.02457,7954
40,3,0.019864,0.981013,0.024705,7808
40,4,0.020357,0.974684,0.025314,7570
40,5,0.021084,0.974684,0.026214,7309
40,6,0.02151,0.955696,0.026737,7025
40,7,0.022448,0.949367,0.027896,6687
40,8,0.023079,0.924051,0.02867,6331
40,9,0.024206,0.911392,0.030058,5954
40,10,0.025471,0.898734,0.031615,5580
40,11,0.026153,0.85443,0.032443,5167
40,12,0.027473,0.822785,0.034056,4737
40,13,0.028764,0.78481,0.035628,4316
40,14,0.030178,0.740506,0.037342,3882
40,15,0.031323,0.683544,0.03871,3453
40,16,0.034003,0.664557,0.041966,3093
40,17,0.03738,0.639241,0.046051,2707
40,18,0.039357,0.588608,0.048387,2368
40,19,0.040288,0.531646,0.049423,2090
40,20,0.041574,0.474684,0.050854,1808
40,21,0.041237,0.405063,0.050267,1556
40,22,0.048165,0.398734,0.058442,1312
40,23,0.054378,0.373418,0.065585,1089
40,24,0.059226,0.329114,0.070845,882
40,25,0.064917,0.297468,0.076948,728
40,26,0.06701,0.246835,0.078439,586
40,27,0.066381,0.196203,0.076505,471
40,28,0.067847,0.14557,0.075958,343
40,29,0.081712,0.132911,0.088533,261
40,30,0.095745,0.113924,0.098901,192
40,31,0.111111,0.094937,0.10745,139
40,32,0.128713,0.082278,0.115658,105
40,33,0.111111,0.044304,0.085366,67
40,34,0.055556,0.012658,0.033113,40
40,35,0.055556,0.006329,0.021739,22
40,36,0.125,0.006329,0.026316,12
40,37,0.0,0.0,0.0,8
40,38,0.0,0.0,0.0,5
40,39,0.0,0.0,0.0,4
40,40,0.0,0.0,0.0,4
41,1,0.019559,0.993671,0.024329,8036
41,2,0.019741,0.993671,0.024554,7959
41,3,0.019821,0.981013,0.024652,7825
41,4,0.020276,0.974684,0.025214,7600
41,5,0.020967,0.974684,0.026068,7350
41,6,0.021313,0.955696,0.026493,7090
41,7,0.022206,0.949367,0.027596,6760
41,8,0.022972,0.93038,0.028539,6404
41,9,0.023833,0.917722,0.029599,6089
41,10,0.024917,0.898734,0.030931,5704
41,11,0.026035,0.879747,0.032305,5344
41,12,0.027071,0.841772,0.033569,4918
41,13,0.028094,0.797468,0.03481,4490
41,14,0.029361,0.759494,0.03635,4092
41,15,0.03027,0.702532,0.037434,3672
41,16,0.032572,0.677215,0.040232,3290
41,17,0.035422,0.658228,0.04369,2941
41,18,0.038251,0.620253,0.047088,2567
41,19,0.038736,0.550633,0.047583,2251
41,20,0.0412,0.512658,0.050486,1970
41,21,0.041128,0.443038,0.050244,1706
41,22,0.043986,0.405063,0.05353,1459
41,23,0.050325,0.392405,0.060952,1236
41,24,0.053974,0.348101,0.06495,1023
41,25,0.060386,0.316456,0.072046,832
41,26,0.062409,0.272152,0.073782,693
41,27,0.066308,0.234177,0.077406,562
41,28,0.060046,0.164557,0.068783,437
41,29,0.068966,0.139241,0.076709,323
41,30,0.081301,0.126582,0.087566,250
41,31,0.092391,0.107595,0.095078,188
41,32,0.115385,0.094937,0.110619,134
41,33,0.113402,0.06962,0.100733,101
41,34,0.105263,0.037975,0.07772,61
41,35,0.057143,0.012658,0.033557,39
41,36,0.055556,0.006329,0.021739,22
41,37,0.142857,0.006329,0.026882,11
41,38,0.0,0.0,0.0,8
41,39,0.0,0.0,0.0,5
41,40,0.0,0.0,0.0,4
41,41,0.0,0.0,0.0,4
42,1,0.019561,0.993671,0.024332,8035
42,2,0.019741,0.993671,0.024554,7959
42,3,0.019821,0.981013,0.024652,7825
42,4,0.020276,0.974684,0.025214,7600
42,5,0.020941,0.974684,0.026036,7359
42,6,0.021292,0.955696,0.026467,7097
42,7,0.02218,0.949367,0.027563,6768
42,8,0.022922,0.93038,0.028477,6418
42,9,0.023759,0.917722,0.029508,6108
42,10,0.024825,0.898734,0.030819,5725
42,11,0.025952,0.879747,0.032203,5361
42,12,0.026907,0.841772,0.033367,4948
42,13,0.027907,0.797468,0.034581,4520
42,14,0.029105,0.759494,0.036036,4128
42,15,0.030278,0.708861,0.037448,3704
42,16,0.032248,0.677215,0.039836,3323
42,17,0.035029,0.658228,0.043211,2974
42,18,0.037577,0.620253,0.04627,2613
42,19,0.038967,0.563291,0.04788,2289
42,20,0.040877,0.518987,0.05011,2011
42,21,0.041643,0.462025,0.050907,1757
42,22,0.042695,0.405063,0.051999,1503
42,23,0.048475,0.392405,0.058779,1283
42,24,0.053122,0.360759,0.064045,1077
42,25,0.061714,0.341772,0.073811,879
42,26,0.063187,0.291139,0.074919,732
42,27,0.06734,0.253165,0.078927,598
42,28,0.067368,0.202532,0.077745,479
42,29,0.063889,0.14557,0.071965,364
42,30,0.076364,0.132911,0.083466,279
42,31,0.095694,0.126582,0.100604,213
42,32,0.092593,0.094937,0.093052,166
42,33,0.121951,0.094937,0.115385,127
42,34,0.127907,0.06962,0.109562,90
42,35,0.076923,0.025316,0.054645,56
42,36,0.060606,0.012658,0.034483,37
42,37,0.058824,0.006329,0.022124,21
42,38,0.142857,0.006329,0.026882,11
42,39,0.0,0.0,0.0,8
42,40,0.0,0.0,0.0,5
42,41,0.0,0.0,0.0,4
42,42,0.0,0.0,0.0,4
43,1,0.019566,0.993671,0.024338,8033
43,2,0.019746,0.993671,0.02456,7957
43,3,0.019826,0.981013,0.024658,7823
43,4,0.020282,0.974684,0.025221,7598
43,5,0.020947,0.974684,0.026043,7357
43,6,0.021298,0.955696,0.026475,7095
43,7,0.02218,0.949367,0.027563,6768
43,8,0.022911,0.93038,0.028464,6421
43,9,0.023755,0.917722,0.029503,6109
43,10,0.024808,0.898734,0.030797,5729
43,11,0.025923,0.879747,0.032167,5367
43,12,0.026869,0.841772,0.03332,4955
43,13,0.027827,0.797468,0.034483,4533
43,14,0.028951,0.759494,0.035847,4150
43,15,0.030091,0.708861,0.037219,3727
43,16,0.031931,0.677215,0.039448,3356
43,17,0.034655,0.658228,0.042756,3006
43,18,0.037218,0.626582,0.045842,2665
43,19,0.039039,0.575949,0.047986,2336
43,20,0.040272,0.525316,0.049393,2066
43,21,0.041758,0.481013,0.051089,1824
43,22,0.040855,0.411392,0.049831,1595
43,23,0.045488,0.392405,0.055258,1367
43,24,0.052038,0.379747,0.062893,1157
43,25,0.056995,0.348101,0.068442,969
43,26,0.062972,0.316456,0.074985,798
43,27,0.063444,0.265823,0.07484,666
43,28,0.067642,0.234177,0.078858,551
43,29,0.066362,0.183544,0.076076,441
43,30,0.067073,0.139241,0.07483,332
43,31,0.080769,0.132911,0.087646,264
43,32,0.090909,0.113924,0.094737,202
43,33,0.100671,0.094937,0.099469,153
43,34,0.12605,0.094937,0.118297,123
43,35,0.125,0.063291,0.104603,84
43,36,0.081633,0.025316,0.056497,53
43,37,0.071429,0.012658,0.037037,32
43,38,0.066667,0.006329,0.022936,19
43,39,0.166667,0.006329,0.027473,10
43,40,0.0,0.0,0.0,7
43,41,0.0,0.0,0.0,5
43,42,0.0,0.0,0.0,4
43,43,0.0,0.0,0.0,4
44,1,0.019566,0.993671,0.024338,8033
44,2,0.019743,0.993671,0.024557,7958
44,3,0.019818,0.981013,0.024649,7826
44,4,0.020274,0.974684,0.025211,7601
44,5,0.020927,0.974684,0.026019,7364
44,6,0.021256,0.955696,0.026423,7109
44,7,0.02213,0.949367,0.027503,6783
44,8,0.022854,0.93038,0.028394,6437
44,9,0.023654,0.917722,0.029378,6135
44,10,0.02461,0.898734,0.030553,5775
44,11,0.025703,0.879747,0.031895,5413
44,12,0.026696,0.841772,0.033108,4987
44,13,0.027433,0.797468,0.033999,4598
44,14,0.028578,0.759494,0.03539,4204
44,15,0.030399,0.727848,0.037606,3788
44,16,0.03169,0.683544,0.039159,3413
44,17,0.034359,0.664557,0.0424,3061
44,18,0.036887,0.632911,0.045446,2716
44,19,0.037917,0.575949,0.046628,2405
44,20,0.039735,0.531646,0.048758,2119
44,21,0.041644,0.493671,0.05098,1877
44,22,0.041742,0.436709,0.05096,1657
44,23,0.043693,0.392405,0.053137,1423
44,24,0.051071,0.392405,0.061827,1218
44,25,0.054688,0.35443,0.06582,1028
44,26,0.063084,0.341772,0.075377,860
44,27,0.064516,0.291139,0.076412,717
44,28,0.06701,0.246835,0.078439,586
44,29,0.067901,0.208861,0.078497,490
44,30,0.070312,0.170886,0.079693,388
44,31,0.071672,0.132911,0.078947,297
44,32,0.091703,0.132911,0.097765,233
44,33,0.099448,0.113924,0.102041,185
44,34,0.106383,0.094937,0.103878,145
44,35,0.140187,0.094937,0.127986,111
44,36,0.118421,0.056962,0.097403,80
44,37,0.083333,0.025316,0.057143,52
44,38,0.074074,0.012658,0.037594,31
44,39,0.071429,0.006329,0.023364,18
44,40,0.166667,0.006329,0.027473,10
44,41,0.0,0.0,0.0,7
44,42,0.0,0.0,0.0,5
44,43,0.0,0.0,0.0,4
44,44,0.0,0.0,0.0,4
45,1,0.019569,0.993671,0.024341,8032
45,2,0.019746,0.993671,0.02456,7957
45,3,0.019818,0.981013,0.024649,7826
45,4,0.020268,0.974684,0.025205,7603
45,5,0.020924,0.974684,0.026015,7365
45,6,0.021238,0.955696,0.0264,7115
45,7,0.022091,0.949367,0.027454,6795
45,8,0.022801,0.93038,0.028328,6452
45,9,0.023585,0.917722,0.029293,6153
45,10,0.0245,0.898734,0.030417,5801
45,11,0.025491,0.879747,0.031634,5458
45,12,0.026457,0.841772,0.032814,5032
45,13,0.027243,0.797468,0.033766,4630
45,14,0.028156,0.759494,0.034872,4267
45,15,0.029964,0.727848,0.037073,3843
45,16,0.032007,0.702532,0.039558,3473
45,17,0.034062,0.670886,0.042043,3117
45,18,0.036515,0.639241,0.045001,2771
45,19,0.037551,0.582278,0.046194,2455
45,20,0.038497,0.531646,0.047265,2187
45,21,0.041103,0.5,0.050344,1927
45,22,0.041618,0.449367,0.050845,1710
45,23,0.044564,0.417722,0.054258,1485
45,24,0.048819,0.392405,0.059183,1274
45,25,0.053604,0.367089,0.064646,1086
45,26,0.060241,0.348101,0.072178,917
45,27,0.064683,0.316456,0.076923,777
45,28,0.06793,0.272152,0.079926,637
45,29,0.067437,0.221519,0.078335,523
45,30,0.069124,0.189873,0.079197,438
45,31,0.074499,0.164557,0.083655,353
45,32,0.08046,0.132911,0.087354,265
45,33,0.099057,0.132911,0.104374,216
45,34,0.104651,0.113924,0.106383,176
45,35,0.12,0.094937,0.113982,129
45,36,0.134615,0.088608,0.121951,108
45,37,0.123288,0.056962,0.1,77
45,38,0.065217,0.018987,0.04386,50
45,39,0.076923,0.012658,0.038168,30
45,40,0.071429,0.006329,0.023364,18
45,41,0.0,0.0,0.0,9
45,42,0.0,0.0,0.0,7
45,43,0.0,0.0,0.0,5
45,44,0.0,0.0,0.0,4
45,45,0.0,0.0,0.0,4
46,1,0.019571,0.993671,0.024344,8031
46,2,0.019748,0.993671,0.024563,7956
46,3,0.019821,0.981013,0.024652,7825
46,4,0.020271,0.974684,0.025208,7602
46,5,0.020924,0.974684,0.026015,7365
46,6,0.021238,0.955696,0.0264,7115
46,7,0.022088,0.949367,0.02745,6796
46,8,0.022784,0.93038,0.028306,6457
46,9,0.023717,0.924051,0.029457,6161
46,10,0.024462,0.898734,0.03037,5810
46,11,0.025411,0.879747,0.031536,5475
46,12,0.026331,0.841772,0.032659,5056
46,13,0.027108,0.797468,0.0336,4653
46,14,0.028044,0.759494,0.034734,4284
46,15,0.029762,0.727848,0.036826,3869
46,16,0.031705,0.702532,0.039189,3506
46,17,0.033661,0.670886,0.041556,3154
46,18,0.036377,0.64557,0.044839,2809
46,19,0.036963,0.582278,0.045482,2494
46,20,0.038151,0.537975,0.046858,2233
46,21,0.040465,0.506329,0.049591,1982
46,22,0.041143,0.455696,0.050293,1754
46,23,0.043366,0.424051,0.052856,1549
46,24,0.049624,0.417722,0.060241,1334
46,25,0.051619,0.373418,0.062368,1147
46,26,0.057732,0.35443,0.069341,974
46,27,0.061893,0.322785,0.073827,828
46,28,0.066763,0.291139,0.078929,693
46,29,0.067358,0.246835,0.07882,583
46,30,0.07234,0.21519,0.083415,474
46,31,0.074359,0.183544,0.0844,394
46,32,0.082803,0.164557,0.091938,318
46,33,0.087137,0.132911,0.093583,245
46,34,0.10396,0.132911,0.108696,206
46,35,0.10625,0.107595,0.106516,164
46,36,0.115702,0.088608,0.109034,125
46,37,0.135922,0.088608,0.122807,107
46,38,0.114286,0.050633,0.091324,74
46,39,0.066667,0.018987,0.044379,49
46,40,0.076923,0.012658,0.038168,30
46,41,0.076923,0.006329,0.02381,17
46,42,0.0,0.0,0.0,9
46,43,0.0,0.0,0.0,7
46,44,0.0,0.0,0.0,5
46,45,0.0,0.0,0.0,4
46,46,0.0,0.0,0.0,4
47,1,0.019574,0.993671,0.024347,8030
47,2,0.019751,0.993671,0.024567,7955
47,3,0.019824,0.981013,0.024655,7824
47,4,0.020274,0.974684,0.025211,7601
47,5,0.020924,0.974684,0.026015,7365
47,6,0.021235,0.955696,0.026397,7116
47,7,0.022088,0.949367,0.02745,6796
47,8,0.022773,0.93038,0.028293,6460
47,9,0.023697,0.924051,0.029433,6166
47,10,0.024432,0.898734,0.030334,5817
47,11,0.025374,0.879747,0.031491,5483
47,12,0.026243,0.841772,0.03255,5073
47,13,0.026952,0.797468,0.033408,4680
47,14,0.027913,0.759494,0.034574,4304
47,15,0.029609,0.727848,0.036638,3889
47,16,0.031489,0.702532,0.038926,3530
47,17,0.033344,0.670886,0.041168,3184
47,18,0.035966,0.64557,0.04434,2841
47,19,0.036846,0.588608,0.045348,2529
47,20,0.037544,0.537975,0.046125,2269
47,21,0.039702,0.506329,0.048674,2020
47,22,0.040201,0.455696,0.049167,1795
47,23,0.043038,0.43038,0.052485,1584
47,24,0.048798,0.424051,0.059292,1377
47,25,0.053075,0.398734,0.064207,1191
47,26,0.054795,0.35443,0.065944,1026
47,27,0.058486,0.322785,0.06994,876
47,28,0.065129,0.303797,0.07727,741
47,29,0.066879,0.265823,0.078652,632
47,30,0.073359,0.240506,0.085202,522
47,31,0.076555,0.202532,0.087432,422
47,32,0.082857,0.183544,0.093068,354
47,33,0.090278,0.164557,0.099237,292
47,34,0.091703,0.132911,0.097765,233
47,35,0.10582,0.126582,0.109409,193
47,36,0.097403,0.094937,0.096899,158
47,37,0.116667,0.088608,0.109718,124
47,38,0.13,0.082278,0.116487,104
47,39,0.115942,0.050633,0.092166,73
47,40,0.066667,0.018987,0.044379,49
47,41,0.08,0.012658,0.03876,29
47,42,0.076923,0.006329,0.02381,17
47,43,0.0,0.0,0.0,9
47,44,0.0,0.0,0.0,7
47,45,0.0,0.0,0.0,5
47,46,0.0,0.0,0.0,4
47,47,0.0,0.0,0.0,4
48,1,0.019574,0.993671,0.024347,8030
48,2,0.019748,0.993671,0.024563,7956
48,3,0.019811,0.981013,0.024639,7829
48,4,0.020223,0.974684,0.025149,7620
48,5,0.020839,0.974684,0.02591,7395
48,6,0.021104,0.955696,0.026235,7160
48,7,0.021879,0.949367,0.027192,6861
48,8,0.022536,0.93038,0.028,6528
48,9,0.023446,0.924051,0.029123,6232
48,10,0.024255,0.911392,0.030118,5942
48,11,0.024848,0.879747,0.030842,5599
48,12,0.026135,0.867089,0.032425,5247
48,13,0.02662,0.816456,0.033006,4851
48,14,0.027287,0.772152,0.03381,4476
48,15,0.028655,0.740506,0.035476,4088
48,16,0.030686,0.721519,0.037954,3720
48,17,0.032047,0.683544,0.039595,3375
48,18,0.034098,0.658228,0.042078,3055
48,19,0.036626,0.626582,0.045123,2708
48,20,0.03598,0.550633,0.044252,2423
48,21,0.038692,0.531646,0.047501,2176
48,22,0.040625,0.493671,0.049758,1925
48,23,0.041448,0.449367,0.050642,1717
48,24,0.044944,0.43038,0.05475,1517
48,25,0.049847,0.411392,0.060476,1308
48,26,0.051891,0.373418,0.062686,1141
48,27,0.056701,0.348101,0.068103,974
48,28,0.061151,0.322785,0.072982,838
48,29,0.06383,0.28481,0.075554,709
48,30,0.068908,0.259494,0.080772,599
48,31,0.069106,0.21519,0.079962,496
48,32,0.074442,0.189873,0.084746,407
48,33,0.083832,0.177215,0.093708,338
48,34,0.081081,0.132911,0.08794,263
48,35,0.097222,0.132911,0.10274,220
48,36,0.103825,0.120253,0.106742,187
48,37,0.095238,0.088608,0.093834,151
48,38,0.12069,0.088608,0.11254,120
48,39,0.117021,0.06962,0.102996,98
48,40,0.109375,0.044304,0.084541,68
48,41,0.068182,0.018987,0.04491,48
48,42,0.08,0.012658,0.03876,29
48,43,0.090909,0.006329,0.024752,15
48,44,0.0,0.0,0.0,9
48,45,0.0,0.0,0.0,7
48,46,0.0,0.0,0.0,5
48,47,0.0,0.0,0.0,4
48,48,0.0,0.0,0.0,4
