snapshot_relative_path,size_bytes,mtime_utc,sha256
results/.DS_Store,12292,2026-01-23T11:16:57.396265+00:00,49f329ef721cd4817eaa9d59bfe0cd24b9e6253336b8b2fed436cf3e58eb5b75
results/archive/phase_III_test_ORIGINAL.csv,3968773,2025-11-23T18:05:36.772672+00:00,a62d9c9b3afdbaeb8f9e0dd4683e6785bfbfbcecaa8753ebcb1d5428391570de
results/archive/phase_III_train_split_ORIGINAL.csv,7923483,2025-11-23T18:04:54.665478+00:00,a5bd8a3e38a48f4160cc19f8211d6399fc44fe6c0fc44eec37abae52c5c71242
results/archive/phase_III_val_split_ORIGINAL.csv,830763,2025-11-23T18:05:09.924431+00:00,f2e8a81971b93e2390da8d89ca1d39686a1e1b1aadd6433b2da323b9cacf020d
results/archive/phase_II_test_ORIGINAL.csv,6821155,2025-11-23T18:01:56.806906+00:00,0b160886f67f148cd96ffd11188e5f2dc7c8282f325d5fe0d8d33dce0621eeb9
results/archive/phase_II_train_split_ORIGINAL.csv,11160780,2025-11-23T17:42:34.897867+00:00,ca0f8f4fc92672088ff5228c8cfb3c68bd040ea094bce6d7a63aa25b754d035d
results/archive/phase_II_val_split_ORIGINAL.csv,1410465,2025-11-23T17:43:18.259214+00:00,bc060fbb2e156160dcc6b9f9a4bb950720609a6b1c56c38815f380ab171d568f
results/figures/f1_distribution_III_gpt-4o-mini.png,25556,2026-01-09T15:53:46.000297+00:00,b7bb66310ec5a4389c0868cd0efbfa68def0c95e45d53a7d4608fe8cc641b6bb
results/figures/f1_distribution_II_gpt-4o-mini.png,26647,2026-01-09T16:27:21.237953+00:00,d56b0e797dfd8a9c8f088b567af6a3a2228b48537d00e7ffcb40eca78889add2
results/figures/inversion_impact_III_gpt-4o-mini.png,34481,2026-01-09T15:53:45.855732+00:00,e9425e529ab49949a50a60525ae9e9a6cd5c8c5775cd481eafcdd47d846bbd6c
results/figures/inversion_impact_II_gpt-4o-mini.png,34058,2026-01-09T16:27:20.924353+00:00,616ece25f39bc0f240f8173b8ef0d43ba72f641eabb6857c3bb2d8fd85b1a818
results/phase_I/generated_trial_questions_set_0_phase_I.csv,878,2025-11-23T21:16:08.639097+00:00,065b101fbd4d9f8ace9cc505d66369111633b4b32c2fa81421cc93ea7ceff89b
results/phase_I/generated_trial_questions_set_1_phase_I.csv,756,2025-11-23T21:16:12.087227+00:00,685c685911e5624ddc5c89b96dd1316a80bb4a62408287ed04ed1a3d2d097894
results/phase_I/generated_trial_questions_set_2_phase_I.csv,735,2025-11-23T21:16:16.285126+00:00,92591fd45b6a0a095f770372e277714295cadf88b3dd4205076ff5031e1bea91
results/phase_I/generated_trial_questions_set_3_phase_I.csv,730,2025-11-23T21:16:19.423488+00:00,3a1d8a5d8792cc022deb5ee2c0ded452e30599ace86e82d77152d1a8906292e5
results/phase_I/generated_trial_questions_set_4_phase_I.csv,867,2025-11-23T21:16:22.759310+00:00,713abe3f8b4fcf99f14a154087e097592bb4607ac52bb8fb4b36a25b4056bf18
results/phase_I/generated_trial_questions_set_5_phase_I.csv,784,2025-11-23T21:16:27.957864+00:00,75c38dae776bca3f7202d3a13c0566e896ec9a83d1b26f7f1dfc514f8ada8e25
results/phase_I/generated_trial_questions_set_6_phase_I.csv,917,2025-11-23T21:16:32.422898+00:00,f6b219763e1c2816b92e98b98a48364d5d0ad57dbbcc1d3d589ad6adc1abd516
results/phase_I/generated_trial_questions_set_7_phase_I.csv,722,2025-11-23T21:16:36.653183+00:00,0bbc4de4bbcbeb6751d6bcae920c072aa61c6e57e7f553defee4796dde0bf6d1
results/phase_I/generated_trial_questions_set_8_phase_I.csv,928,2025-11-23T21:16:42.294323+00:00,5d7101a113178f2e090964108cf3c37cf679058a8a430f99e14e064b4e66df44
results/phase_I/generated_trial_questions_set_9_phase_I.csv,812,2025-11-23T21:16:46.727077+00:00,804e62c610167c2bda4c42f63159ac3d03dfa03f99383c96cb0e1ace120f18a3
results/phase_I/phase_I_test.csv,2543087,2025-06-25T18:38:47.270179+00:00,601f7afe70830103614ca4966e0b1aabd84819ee37c11b15691139ee30cdd1ba
results/phase_I/phase_I_test_summarised.csv,951848,2025-06-25T21:16:24.552607+00:00,fdc3321c359f99871716fefd8cf17f9b3a3a2c15242170f673faa78271893b64
results/phase_I/phase_I_test_summarised_with_label.csv,953112,2025-11-23T21:34:41.225824+00:00,95c7992c868a2865c2fbc90a54c865e85901ed18c35f68713aaa064bc835cb8a
results/phase_I/phase_I_train_split.csv,616099,2025-06-25T19:55:57.297976+00:00,a92c408d47d40993730fe724401c3e26e52310c0481a7a3bb00e6f869ba28f06
results/phase_I/phase_I_train_split_summarised.csv,259295,2025-11-23T18:36:33.071198+00:00,c7233e179e7994e4fb1cfca519b6fee1a7cabdae7adadabf323c2fb739d9e80d
results/phase_I/phase_I_val_split.csv,2940968,2025-06-25T19:55:57.366358+00:00,84cefd79e75a4666c08a9980bce1de8ee856dd4703c0ea234f9c1866dae6dd58
results/phase_I/phase_I_val_split_summarised.csv,1203048,2025-06-26T08:11:42.530899+00:00,fe4edb4367502a5d00b2e3832ff172ddcc9f2186465389f83ee8b032619f7285
results/phase_I/phase_I_val_split_summarised_with_label.csv,1204746,2025-11-23T21:34:41.136635+00:00,25fab1d5d1bb79130dbd4b5d93bbb1879e300cd247f71e6b7a5955b99284766d
results/phase_II/figures/confusion_matrix_test_f0_5.png,24511,2026-01-10T17:01:11.596228+00:00,714ba48188ffd0a95bbf4d95054f71dfa90970154074483d7736a3d83b6e4eee
results/phase_II/figures/confusion_matrix_test_f0_7.png,23154,2026-01-10T17:16:27.274453+00:00,89e928fea35fc39c9f4a656dc4a967a76d645432fa2977f209a190fb7a9a458d
results/phase_II/figures/f1_distribution_II_gpt-4o-mini.png,26141,2026-01-10T16:23:48.831304+00:00,ed449826858d33c666816a24bce6b9bac37f0f058c74b03dae8e3a03b0f2613a
results/phase_II/figures/f1_distribution_II_gpt_4o_mini.png,26141,2026-01-10T16:59:46.207513+00:00,ed449826858d33c666816a24bce6b9bac37f0f058c74b03dae8e3a03b0f2613a
results/phase_II/figures/inversion_impact_II_gpt-4o-mini.png,33656,2026-01-10T16:23:48.770539+00:00,ee5878e672b74a8a60d65325bb28ccadea3095f6f14d97d84f8c681070d1676c
results/phase_II/figures/inversion_impact_II_gpt_4o_mini.png,33656,2026-01-10T16:59:46.148255+00:00,ee5878e672b74a8a60d65325bb28ccadea3095f6f14d97d84f8c681070d1676c
results/phase_II/figures/metric_heatmaps_per_fold_f0_5_f0_5.png,52167,2026-01-10T17:01:08.940395+00:00,d87d8f7b00afb26e375665e40a848637f371ae050a397a2730976d753818c819
results/phase_II/figures/metric_heatmaps_per_fold_f0_5_f1.png,52907,2026-01-10T17:01:07.710400+00:00,7486d1211bbe675b531d4b89e711285cd48c2d099cd4d769cb6bc272158647bb
results/phase_II/figures/metric_heatmaps_per_fold_f0_5_prec.png,53377,2026-01-10T17:01:10.135685+00:00,f039747da5d798fec0e7b7107259160e7c26e509afd3292a322b71fd4576a2d4
results/phase_II/figures/metric_heatmaps_per_fold_f0_5_rec.png,52995,2026-01-10T17:01:11.329642+00:00,88b316bb8e65033b991035ead302d52791d7f42b4524d9706d1013fd7117b075
results/phase_II/figures/metric_heatmaps_per_fold_f0_7_f0_5.png,53083,2026-01-10T17:16:24.602913+00:00,5506d166276c4babb91fe378caf4cabd5285dd0c65821030c6cd2ab2b2994683
results/phase_II/figures/metric_heatmaps_per_fold_f0_7_f1.png,53789,2026-01-10T17:16:23.387761+00:00,2d60006d0ec15f697fe28153011cba68335a4d3d6a06abcea537dd261cfad5e2
results/phase_II/figures/metric_heatmaps_per_fold_f0_7_prec.png,54319,2026-01-10T17:16:25.831027+00:00,08f9e35dac31d3fb830b7038ee2cf0e923a50748d7d8b2fd61d6fb2204b8d9da
results/phase_II/figures/metric_heatmaps_per_fold_f0_7_rec.png,53926,2026-01-10T17:16:27.017491+00:00,dccedf3b29b93ae6355bdb14b00927ffbb7571594fd9f56253360b9f26cd9690
results/phase_II/figures/pr_curves_all_folds_f0_5.png,199456,2026-01-10T17:01:11.549213+00:00,368f9f46e9f83c99bc685b058ebf30f960e430d61452e4c4945a9934858f0ba3
results/phase_II/figures/pr_curves_all_folds_f0_7.png,226633,2026-01-10T17:16:27.228981+00:00,299004ccd9aa70d612b9df44ab82927dfb49986f69a31d8c4b9f1afe3c1a9b88
results/phase_II/figures/roc_curves_all_folds_f0_5.png,231110,2026-01-10T17:01:11.441917+00:00,b41a2f5f3399a42a85542c7f21006452e760ed0e124cc51a08602e52bd0ebae8
results/phase_II/figures/roc_curves_all_folds_f0_7.png,218726,2026-01-10T17:16:27.124549+00:00,d9f1fdf6d5b4f55cd59a65e5eeb6c812846876481eb3bfd84b5294c061861d2f
results/phase_II/generated_trial_questions_set_0_phase_II.csv,837,2025-11-23T21:15:13.543230+00:00,f4df53108bdb031ac3436e13a405a80c2c17b48bb0c83fef7be1cd745654c767
results/phase_II/generated_trial_questions_set_1_phase_II.csv,785,2025-11-23T21:15:16.989444+00:00,1db6d02ab72b5f28fffe43df9dd89c27999311e5ab54e2dccd90fabd590a1f1f
results/phase_II/generated_trial_questions_set_2_phase_II.csv,711,2025-11-23T21:15:21.296687+00:00,de3650868438cfccc11a4725a55db32c61b4ff91b37449f580c2fa6e2e4bd483
results/phase_II/generated_trial_questions_set_3_phase_II.csv,728,2025-11-23T21:15:25.079910+00:00,5c942ee6689d3402aa8c23a751a9ebfc58d0d088467b3b3eae24d6120eb086cf
results/phase_II/generated_trial_questions_set_4_phase_II.csv,796,2025-11-23T21:15:29.965065+00:00,12eac8080ec02b8b276609c000014a3b007e1ed497a7a8369cdad2425b5f7857
results/phase_II/generated_trial_questions_set_5_phase_II.csv,844,2025-11-23T21:15:35.240765+00:00,feab3da2f7cde64f89670ddac54db82c58998f14645f98353a732e9cfef90b7b
results/phase_II/generated_trial_questions_set_6_phase_II.csv,746,2025-11-23T21:15:38.805383+00:00,dcf240917242b190876a4905ee2a99804dc4594072921f0fcd62e7aa6a436bbd
results/phase_II/generated_trial_questions_set_7_phase_II.csv,780,2025-11-23T21:15:45.461994+00:00,14175b1379f6b041292c1f112ac384aceb0eb3588a9381e7e789bfd7cb1163f2
results/phase_II/generated_trial_questions_set_8_phase_II.csv,807,2025-11-23T21:15:50.181910+00:00,28a5036aaad78b1d83187ee49c7538d3e827a0f4dd738bd33f5e5a9a030e7db8
results/phase_II/generated_trial_questions_set_9_phase_II.csv,880,2025-11-23T21:15:55.702875+00:00,aea2a4d4299b58976415d61d5d15f04b70043d4cb0f4c32737310761ee11274a
results/phase_II/phase_II_FINAL_predictions_val_split_gpt_4o_mini.csv,192910,2026-01-09T17:26:45.817480+00:00,f5556f51b4f2324815ef68dbff044b80b4496173813ff4f509e949d498c64616
results/phase_II/phase_II_filtered_combined_questions_with_success_gpt_4o_mini_test.csv,163987,2026-01-10T16:59:48.156850+00:00,28f0a7c61c7e9a504d428406678d975cee37697a87647c62b1e7190752663adf
results/phase_II/phase_II_filtered_combined_questions_with_success_gpt_4o_mini_val_split.csv,624188,2026-01-10T16:59:47.319761+00:00,d6c9c09c97fc0d9e270c4bc6777ca0edc64b3b0f8ae2ad661a8169e53b722022
results/phase_II/phase_II_filtered_combined_questions_with_success_gpt_4o_mini_val_split_COMBINED.csv,353923,2026-01-09T16:27:49.192909+00:00,ad970e713cbaf0d40c32e776d78a001f9a51441295cdd607ac950ca189e6a1f7
results/phase_II/phase_II_filtered_combined_questions_with_success_gpt_4o_mini_val_split_NEWVERSION.csv,1872,2026-01-09T16:20:06.234151+00:00,eb6ca7a44f56690a315775ad6796a6c5d8c703cff398460e8a85737aaf85fa48
results/phase_II/phase_II_predictions_test_trials_set_0_question_model_gpt_4o_mini_batch_size_20.csv,79615,2026-01-09T13:04:55.246371+00:00,ab5df7507b54f1e835a191fb8756150b5c56a73fb247d250846ac8cabb9d7c73
results/phase_II/phase_II_predictions_test_trials_set_1_question_model_gpt_4o_mini_batch_size_20.csv,79525,2026-01-09T13:28:12.731992+00:00,1b81b26dde5d7aec6be0b4e00e9d92a7575c660e32c4bcdb8d4152dd5d3303ad
results/phase_II/phase_II_predictions_test_trials_set_2_question_model_gpt_4o_mini_batch_size_20.csv,79245,2026-01-09T13:50:18.834228+00:00,c09fa8880b27602efe079c301891661d306f446cf3c505c316135c878dd4b3f1
results/phase_II/phase_II_predictions_test_trials_set_3_question_model_gpt_4o_mini_batch_size_20.csv,79553,2026-01-09T14:15:25.677959+00:00,b6c2118624d0940ea239f56514a15699e33b9db4a23b463e0d888aae8f424d53
results/phase_II/phase_II_predictions_test_trials_set_4_question_model_gpt_4o_mini_batch_size_20.csv,79435,2026-01-09T13:05:38.922783+00:00,9ee0955204311a82cabd7e23cfffb6c47fc25e2722ea947fc2e1f7d324d080c2
results/phase_II/phase_II_predictions_test_trials_set_5_question_model_gpt_4o_mini_batch_size_20.csv,79590,2026-01-09T13:29:02.696125+00:00,2c080954fd4def05488250afac9148c2a07c1eccc35bad3bb7897bda3b595a2d
results/phase_II/phase_II_predictions_test_trials_set_6_question_model_gpt_4o_mini_batch_size_20.csv,79290,2026-01-09T13:50:53.772841+00:00,b864d44948dbe8dc8781d22008c36b97413393872c78d15012a6d4ed41d5a756
results/phase_II/phase_II_predictions_test_trials_set_7_question_model_gpt_4o_mini_batch_size_20.csv,79400,2026-01-09T13:05:44.054598+00:00,089edbb730eb1c2f2f583f52202ea732468af6c37f2f975596203b48a08b4596
results/phase_II/phase_II_predictions_test_trials_set_8_question_model_gpt_4o_mini_batch_size_20.csv,79396,2026-01-09T13:28:47.480928+00:00,897b733e0aac38701d5db5e3b3a246560a0f177e37e320840977a1dea746aae6
results/phase_II/phase_II_predictions_test_trials_set_9_question_model_gpt_4o_mini_batch_size_20.csv,79625,2026-01-09T13:50:52.565871+00:00,e52d9918880ea0c7b243c29d7562b1dcb9f73d468057365283647851721637dd
results/phase_II/phase_II_predictions_val_split_trials_set_0_question_model_gpt_4o_mini_batch_size_20.csv,201561,2025-11-23T22:40:52.066207+00:00,6b9b7ac3735780f3cfc0eec898b8dbe4ec724168508c1c86c254ebdf07320eb7
results/phase_II/phase_II_predictions_val_split_trials_set_1_question_model_gpt_4o_mini_batch_size_20_n500.csv,25495,2026-01-08T21:15:58.236951+00:00,2b665c5fda87866b86e63e381fe4d9a2b67a824f3b6371c5d5cdb61543524ca6
results/phase_II/phase_II_predictions_val_split_trials_set_2_question_model_gpt_4o_mini_batch_size_20_n500.csv,25407,2026-01-08T21:35:43.707329+00:00,b09d94fa78a35fe04daa9451068bedc1ad962d8dc895d9640df9b98541321007
results/phase_II/phase_II_predictions_val_split_trials_set_3_question_model_gpt_4o_mini_batch_size_20_n500.csv,25423,2026-01-08T21:44:00.876393+00:00,383681733761828627eb6707a34d12e3f957518a1ab97954936122e9b5d20bab
results/phase_II/phase_II_predictions_val_split_trials_set_4_question_model_gpt_4o_mini_batch_size_20_n500.csv,25485,2026-01-08T21:51:38.791450+00:00,fc303cf5e681063b3e8e11d07b3b6bc8b131696671846901d42b07807a876acd
results/phase_II/phase_II_predictions_val_split_trials_set_5_question_model_gpt_4o_mini_batch_size_20_n500.csv,25466,2026-01-08T21:59:14.734182+00:00,9cbe09e922140878ab09191695325bc6604db0b6fa924448b0e928b89d4985b8
results/phase_II/phase_II_predictions_val_split_trials_set_6_question_model_gpt_4o_mini_batch_size_20_n500.csv,25440,2026-01-08T21:36:37.553188+00:00,173d397b9e012f25f36c9b5b8d3986ca0a41cf3c6c1b6b004a414e3bbb519333
results/phase_II/phase_II_predictions_val_split_trials_set_7_question_model_gpt_4o_mini_batch_size_20_n500.csv,25502,2026-01-08T21:44:34.190396+00:00,03f1e42b71cea07e8c9b38fe5c13e9e8ab1c778a3a299a08d6226f53204a103e
results/phase_II/phase_II_predictions_val_split_trials_set_8_question_model_gpt_4o_mini_batch_size_20_n500.csv,25514,2026-01-08T21:51:56.600455+00:00,76db7bcb25ce9aae03015a87c81c751829ce6aab40aefee0c246da327d36805b
results/phase_II/phase_II_predictions_val_split_trials_set_9_question_model_gpt_4o_mini_batch_size_20_n500.csv,25581,2026-01-08T21:59:31.471007+00:00,3a05857a9cb26894b433562643b8404f5ba2ce4d7dec7b3e5028cf98864f740e
results/phase_II/phase_II_test.csv,6819502,2025-11-23T18:48:49.387132+00:00,42d581bdf4466c29b5f5379c9ebc3b835d3169a2056bb34c9c2e78856dc91c6d
results/phase_II/phase_II_test_summarised.csv,2429270,2026-01-09T12:41:48.513798+00:00,cbdcd711eeeda45ed3f6b5766aa4d83c45c27f221409c91e8d801bca084a20de
results/phase_II/phase_II_train_split.csv,576475,2025-11-23T18:48:49.029488+00:00,b617df69012e89c8e1bc311b1b6d32e46e81d80ca3c2b40e9127f41a5cb314c5
results/phase_II/phase_II_train_split_summarised.csv,277626,2025-11-23T19:17:02.717202+00:00,3848b381daf4c7bec54e554ecec2a277a2221943f78295c67528546e66050a99
results/phase_II/phase_II_val_split.csv,11990321,2025-11-23T18:48:49.207393+00:00,3fdc172c0723854e92aa87f69912f34ce0dbbd39382197fbf079f50fd4039f90
results/phase_II/phase_II_val_split_summarised.csv,5656093,2025-11-23T21:34:41.635481+00:00,b3c8007bfcff1ad27c2c094a74e2719df45e9bdc4ade9134133fe908fcf667c0
results/phase_II/phase_II_val_split_summarised_NOLABEL.csv,5647585,2025-11-23T21:03:13.469654+00:00,00a3a30186695aabd7ac6e2756877050336d18025f428b87c171b808a9fdcec6
results/phase_II/supplementary_figures/beta_tradeoff_curve.png,69782,2026-01-10T22:08:27.079725+00:00,d0ec4b79cfc54519ae32700e7a78223fd4bd4780ab70df15787ff4495d68eea9
results/phase_II/supplementary_figures/f1_comparison_bar.png,37347,2026-01-10T22:08:27.563776+00:00,aada80b5f28eeba37d07c5ae7b82ab4eb3c6ee130d34c99c0a5cbbb3bdb308f0
results/phase_II/supplementary_figures/metric_sensitivity_table_phase_II_granular_no_min_q.csv,2154,2026-01-10T22:08:26.695990+00:00,8261a02ac8562ff893e06fdc106a9d6b3593b3feb920a0e550ddf74a06ff8145
results/phase_II/supplementary_figures/pareto_recall_spec.png,61607,2026-01-10T22:08:27.332169+00:00,f4b8294e64e645f9ff09c9a32cfb1913eb5b7580d7c41527af8bfb6eab325a85
results/phase_III/figures/confusion_matrix_test_f0_5.png,22239,2026-01-10T16:19:12.323502+00:00,0188b9c63db3a3136bbbeafe1eadf871ccf978675f97ad07034f02b0f1739903
results/phase_III/figures/confusion_matrix_test_f0_7.png,23893,2026-01-10T17:17:09.880990+00:00,24ae706bd72aa851f364b87256cd43a2288c23b6caf4af357e2a1c4e650d67ed
results/phase_III/figures/f1_distribution_III_gpt-4o-mini.png,25110,2026-01-10T16:17:45.096539+00:00,914af25e10be0de89193e8a9f2665d5e08a909a22c2b06fda8ba1eb639de5fcc
results/phase_III/figures/f1_distribution_III_gpt_4o_mini.png,25110,2026-01-10T17:36:06.312242+00:00,914af25e10be0de89193e8a9f2665d5e08a909a22c2b06fda8ba1eb639de5fcc
results/phase_III/figures/inversion_impact_III_gpt-4o-mini.png,34170,2026-01-10T16:17:45.036207+00:00,b694149afac2c2afd6f889e5f1253b395acba3f236c9f85e0fcd0e9920f5a2e8
results/phase_III/figures/inversion_impact_III_gpt_4o_mini.png,34170,2026-01-10T17:36:06.248895+00:00,b694149afac2c2afd6f889e5f1253b395acba3f236c9f85e0fcd0e9920f5a2e8
results/phase_III/figures/metric_heatmaps_per_fold_f0_5_f0_5.png,54704,2026-01-10T16:19:09.719298+00:00,9c6479e73e9af774d57e03e190a98efdbcbe1cbf316d00e732e5c53e219adce8
results/phase_III/figures/metric_heatmaps_per_fold_f0_5_f1.png,54433,2026-01-10T16:19:08.523480+00:00,a7e0c168b5e8216ee27085f51895131efc8a9e5b7b38b0dc579bd638ae2fce6a
results/phase_III/figures/metric_heatmaps_per_fold_f0_5_prec.png,52032,2026-01-10T16:19:10.916256+00:00,adba6e26fa838a0fd09ffe7722f8aead7de70eb2423e79018f3f6f324f57d64c
results/phase_III/figures/metric_heatmaps_per_fold_f0_5_rec.png,52918,2026-01-10T16:19:12.063523+00:00,5015ad0de75f2ca31448a690f9cb283b40568fd688995d8b9e19cf7322a16d82
results/phase_III/figures/metric_heatmaps_per_fold_f0_7_f0_5.png,52408,2026-01-10T17:17:07.280812+00:00,ae508ffc4dac31e4d3e7df874c8e8df340d1ecfde6709eec8db54e7396b74d96
results/phase_III/figures/metric_heatmaps_per_fold_f0_7_f1.png,53103,2026-01-10T17:17:06.093143+00:00,900756250a18590b8f31c5a7a0299e6c77d9f548b53007f12830c033c0df17d5
results/phase_III/figures/metric_heatmaps_per_fold_f0_7_prec.png,50467,2026-01-10T17:17:08.476238+00:00,f3c11b9767d9c7f25c9b6c6296f91019fba9805657d20697e9dff8f6eac678ee
results/phase_III/figures/metric_heatmaps_per_fold_f0_7_rec.png,51137,2026-01-10T17:17:09.611951+00:00,6ea8c5b1661526c1408c271e106e49f076a92b83f7f1003a2510480ae7df064c
results/phase_III/figures/pr_curves_all_folds_f0_5.png,160506,2026-01-10T16:19:12.277636+00:00,99892835cf9617fcad5310c5e045221e201ba7ff30c0461ae59516847ad1407d
results/phase_III/figures/pr_curves_all_folds_f0_7.png,248010,2026-01-10T17:17:09.833799+00:00,c7ae8db355bbf4d66c1372e08249119f697673e6361803432cc9b6c305d97035
results/phase_III/figures/roc_curves_all_folds_f0_5.png,234180,2026-01-10T16:19:12.173392+00:00,bfca4d418efdd4196445bf66e49f59a881e8c166c210ff18b04857c3a7aef156
results/phase_III/figures/roc_curves_all_folds_f0_7.png,229397,2026-01-10T17:17:09.723716+00:00,a5ad81a31bed00d546be2c918ea9f455d58083f9ba3114d0e4470c2103541a71
results/phase_III/generated_trial_questions_set_0_phase_III.csv,832,2026-01-08T20:55:52.486239+00:00,cdf3021754f91d686e1f0239ded1ef93e5be60217159a8895cc240f2f8df6758
results/phase_III/generated_trial_questions_set_1_phase_III.csv,753,2026-01-08T20:55:57.062181+00:00,f2fbae563ed662ba4a7d23bc0dce2e6f3ca2b082eb4ef8c5e5575c7801dc7f87
results/phase_III/generated_trial_questions_set_2_phase_III.csv,887,2026-01-08T20:56:01.260198+00:00,e0f2111d742b84abd4f4061ec5721e6cc48070bc235e4df4ff9856811f94001f
results/phase_III/generated_trial_questions_set_3_phase_III.csv,828,2026-01-08T20:56:05.763262+00:00,4a7f62dad94e410e04b0820f92b1714ac9fe4358cefafb6f55eb85c2673defa5
results/phase_III/generated_trial_questions_set_4_phase_III.csv,758,2026-01-08T20:56:09.142454+00:00,819bca57d08a19407e3d83b2f7a2d57547a05ba56164ace866dd5d9b8263b9c4
results/phase_III/generated_trial_questions_set_5_phase_III.csv,690,2026-01-08T20:56:14.672513+00:00,a8b058e2b9082d39ded4fa509e894a11622ca114b5616c495dd6cdad8821ffe4
results/phase_III/generated_trial_questions_set_6_phase_III.csv,695,2026-01-08T20:56:20.074604+00:00,2ea599e04bfa346dfd79af9f95a58478dc0e89998260f39b687c311aa3a10f4f
results/phase_III/generated_trial_questions_set_7_phase_III.csv,761,2026-01-08T20:56:24.917491+00:00,f87640dd1d4c7baa2425fdedbed7c954df51c953a2dafcf8267a83d1e919e187
results/phase_III/generated_trial_questions_set_8_phase_III.csv,778,2026-01-08T20:56:28.729494+00:00,2cd5ec811d901c57e9e0bcc463d6c7b9131afd819c165bbb95d1f5cdb5c0c154
results/phase_III/generated_trial_questions_set_9_phase_III.csv,735,2026-01-08T20:56:33.207047+00:00,cd72b98e0d3dff5430f58c56fd37b3e436c03b05549d94c3df6a49c8fe6e475c
results/phase_III/phase_III_FINAL_predictions_val_split_gpt_4o_mini.csv,393549,2026-01-09T20:33:09.526566+00:00,5ab556c00bdaa4abd6fc515aa44d21762b6484ee288018f049f489cd4f6e5e54
results/phase_III/phase_III_filtered_combined_questions_with_success_gpt_4o_mini_test.csv,101025,2026-01-10T17:01:39.493367+00:00,6194743feda120f173b35b80916901304ac0a88120f2d76cad0f290ee6cd0b3c
results/phase_III/phase_III_filtered_combined_questions_with_success_gpt_4o_mini_test_test.csv,101025,2026-01-10T17:36:07.368080+00:00,6194743feda120f173b35b80916901304ac0a88120f2d76cad0f290ee6cd0b3c
results/phase_III/phase_III_filtered_combined_questions_with_success_gpt_4o_mini_val_split.csv,46553,2026-01-10T17:01:38.805862+00:00,90ee1717a54b6dfff4857c80f84aed69363353af03b7093e18a80ebfbbe79e47
results/phase_III/phase_III_filtered_combined_questions_with_success_gpt_4o_mini_val_split_COMBINED.csv,55330,2026-01-09T15:57:05.048096+00:00,a8b397d038840b5cb826b6bedba1faff4efe5f73fefd876bf01c852d72722c81
results/phase_III/phase_III_filtered_combined_questions_with_success_gpt_4o_mini_val_split_NEWVERSION.csv,1599,2026-01-09T15:56:00.077286+00:00,90816d6caf4fc2b5d327949c4efb1a4418ecdcf02f8e063b71a96e2e953bdf5d
results/phase_III/phase_III_filtered_combined_questions_with_success_gpt_4o_mini_val_split_test.csv,46553,2026-01-10T17:36:06.797880+00:00,90ee1717a54b6dfff4857c80f84aed69363353af03b7093e18a80ebfbbe79e47
results/phase_III/phase_III_predictions_test_trials_set_0_question_model_gpt_4o_mini_batch_size_20.csv,55869,2026-01-08T22:09:38.375324+00:00,cfeb8cdc3ddadf596f9761816218eda6881e96c9256104972fa7b8a7b9bb60af
results/phase_III/phase_III_predictions_test_trials_set_1_question_model_gpt_4o_mini_batch_size_20.csv,55769,2026-01-08T22:30:48.933177+00:00,06d0184521dbc7f226673601eb68ae9aceb08948d40bd79dd942abc7ad3ffbef
results/phase_III/phase_III_predictions_test_trials_set_2_question_model_gpt_4o_mini_batch_size_20.csv,55868,2026-01-08T22:47:02.537689+00:00,43eee889235a79c134df7a48843b0231a502eaa959d57e3a9994f63d09517eb7
results/phase_III/phase_III_predictions_test_trials_set_3_question_model_gpt_4o_mini_batch_size_20.csv,55883,2026-01-08T23:02:08.435996+00:00,b184cc24d0f033019e4337566f90be25e47d4748d73852ffc6dc2d74e385deca
results/phase_III/phase_III_predictions_test_trials_set_4_question_model_gpt_4o_mini_batch_size_20.csv,55738,2026-01-09T01:03:51.820873+00:00,a1b8fd5963522e05c84b9924a5b9abab913ab28c96f13a103ddfd94609459eb0
results/phase_III/phase_III_predictions_test_trials_set_5_question_model_gpt_4o_mini_batch_size_20.csv,55666,2026-01-09T01:19:32.027659+00:00,295f2a084dfd1909865878c2ab385ad54d5717913052c773c64eddc5fb529e63
results/phase_III/phase_III_predictions_test_trials_set_6_question_model_gpt_4o_mini_batch_size_20.csv,55742,2026-01-09T01:35:22.414025+00:00,cfcde23fa05dd85bd21208355beebe833c3d17f49ce47337bdc17178249c2b1f
results/phase_III/phase_III_predictions_test_trials_set_7_question_model_gpt_4o_mini_batch_size_20.csv,55768,2026-01-08T22:31:40.988404+00:00,367eedf3fdadd0251d9d2629a6fa0f1eed8f350a3633b3a92943902d4b93676d
results/phase_III/phase_III_predictions_test_trials_set_8_question_model_gpt_4o_mini_batch_size_20.csv,55813,2026-01-08T22:48:07.665570+00:00,92cfa820cd4a62a5f9a018ebe381bab57d22139cc40478d029b28a1cbf542e32
results/phase_III/phase_III_predictions_test_trials_set_9_question_model_gpt_4o_mini_batch_size_20.csv,55722,2026-01-08T23:03:28.338792+00:00,ad3c60494b5f145127cd4c3b2fd2c9fceb69e8ba51c0c04d228dfab38198f09c
results/phase_III/phase_III_predictions_val_split_trials_set_0_question_model_gpt_4o_mini_batch_size_20_n500.csv,25578,2026-01-08T21:49:05.823125+00:00,f3ac9026ef5f05f4384f5d8c0e7ae47a1ca495b40a32faf2137a2e5f7337841a
results/phase_III/phase_III_predictions_val_split_trials_set_1_question_model_gpt_4o_mini_batch_size_20_n500.csv,25498,2026-01-08T21:56:31.696292+00:00,63b15e4995fafccb47e26c5de0cdd448decdeb831092ca3eebbf66c92407f9aa
results/phase_III/phase_III_predictions_val_split_trials_set_2_question_model_gpt_4o_mini_batch_size_20_n500.csv,25625,2026-01-08T22:04:06.432606+00:00,bd330d81703f6054942496fb2a38d6e6be1ab81827ffcaea020c0e192edadf2c
results/phase_III/phase_III_predictions_val_split_trials_set_3_question_model_gpt_4o_mini_batch_size_20_n500.csv,25575,2026-01-08T22:11:34.679087+00:00,6a92d2856be998d4aa88166d0b3f248f217d40647be5ca6e319ca909c557acf0
results/phase_III/phase_III_predictions_val_split_trials_set_4_question_model_gpt_4o_mini_batch_size_20_n500.csv,25502,2026-01-08T22:19:00.987724+00:00,1b63a729e2a7eb579f9b0c65721352fc44fbb09f86259c7a6c4255912a5ae075
results/phase_III/phase_III_predictions_val_split_trials_set_5_question_model_gpt_4o_mini_batch_size_20_n500.csv,25426,2026-01-08T21:48:56.166457+00:00,258aa95d677d04a2d737812e9c5bb6ab684fe8c768708630f4d6065bca2734cb
results/phase_III/phase_III_predictions_val_split_trials_set_6_question_model_gpt_4o_mini_batch_size_20_n500.csv,25435,2026-01-08T21:56:22.114509+00:00,1ed27d9a7b1d2f50196ffa291e6fdf76ee66758ae2b48f4a04dfbb4f4b0e8196
results/phase_III/phase_III_predictions_val_split_trials_set_7_question_model_gpt_4o_mini_batch_size_20_n500.csv,25493,2026-01-08T22:04:13.747869+00:00,59c8601822c3338eca1d01ce328ab947723a79963daecc33f38c7aff3109c957
results/phase_III/phase_III_predictions_val_split_trials_set_8_question_model_gpt_4o_mini_batch_size_20_n500.csv,25518,2026-01-08T22:12:02.431418+00:00,fc5df37c063a45a1a5df719db75a45fd19ef49e272269ba6f5276c0ecb359f23
results/phase_III/phase_III_predictions_val_split_trials_set_9_question_model_gpt_4o_mini_batch_size_20_n500.csv,25487,2026-01-08T22:19:41.981884+00:00,f8ded8c5a896dc3b2701f59ae8087e6137b6cfcbaa54947d2ad894f0d9de9620
results/phase_III/phase_III_test.csv,3967628,2025-11-23T19:40:58.813061+00:00,7863f91f4c760033a7f12693406409b9fc59e896521f9030d0984d1f4c149d0e
results/phase_III/phase_III_test_summarised.csv,1565705,2026-01-08T21:40:39.322485+00:00,296ddb0780e521155c58d83ba8db58b1448d016cd55426a67c8e5d55543d1d2e
results/phase_III/phase_III_train_split.csv,510730,2025-11-23T19:40:58.569282+00:00,085912dc89409d9776a7e0fefffc5de4463514bf25d21d30b654c51036d81841
results/phase_III/phase_III_train_split_summarised.csv,226516,2026-01-08T21:40:39.021725+00:00,9753e694e8a6d25f7ec2835f09a31e289f6d23d6e4e5712e7cc48ce9bfdf2071
results/phase_III/phase_III_val_split.csv,8240080,2025-11-23T19:40:58.685231+00:00,18b82af7b2b7771fe095174b8c8f03c169c922cbb17b96f5830c6c48fe38371b
results/phase_III/phase_III_val_split_summarised.csv,3668082,2026-01-08T21:40:39.231186+00:00,267bead46b6ef05173459812b369730204cac4ddfe112f5548ad5746995ecefa
results/phase_III/supplementary_figures/beta_tradeoff_curve.png,55048,2026-01-10T22:08:13.483166+00:00,ba7d1848164d2e222f0f298fe72352f666e3bc15982c2b1f38dbbc97a5a604ca
results/phase_III/supplementary_figures/f1_comparison_bar.png,38520,2026-01-10T22:08:14.082493+00:00,c7c719a4c1be50f4379b66979ba038b9f7e9be23560a665d19ce9c7bab749fcd
results/phase_III/supplementary_figures/metric_sensitivity_table_phase_III_granular_no_min_q.csv,2170,2026-01-10T22:08:11.366947+00:00,1a8df237c965ee37fa4079b7b975f59f4ef25aadc51fc37002ac7d66ae61deaf
results/phase_III/supplementary_figures/pareto_recall_spec.png,60605,2026-01-10T22:08:13.783796+00:00,3f313bb9c26ef265523a86b45dbd2ec5c251c1be5f877a6be42ac7e8e29d0a16
results/phase_I_test/.DS_Store,10244,2026-01-23T12:06:15.756451+00:00,12ef009f201d2902654857e067e7c8e5dc122ca6cb89cfea0a915031d0b13ee7
results/phase_I_test/bootstrap_ci_phase_I_F_beta_beta0p70_nq29_thr7.csv,675,2026-01-22T15:38:34.632514+00:00,389db11f3ec009b797daeec14b879e989e6ff85fdb7ee2ab0a66fc00558ec049
results/phase_I_test/bootstrap_ci_phase_I_F_beta_betaEllipsis_nq29_thr7.csv,589,2026-01-22T12:40:22.362910+00:00,a464080bc14dd780304f12a77ab7052358429a3938e8bfd4ab17ab6bd30cf3ac
results/phase_I_test/elasticnet_bootstrap_ci_phase_I.csv,3028,2026-01-22T13:15:31.724926+00:00,db3f251f6f36d5ce86f343a1a4dd58afae5c171a3bdcc7337f6a3dfbf8945f0f
results/phase_I_test/figures/confusion_matrix_test_f0_7.png,26503,2026-01-10T18:32:56.059072+00:00,76f6eed9e71d9e11ff886b9eb43598f9003c8dd1130ee37790530e1bdfe51672
results/phase_I_test/figures/confusion_matrix_test_f0_7_opt_F_beta.png,22910,2026-01-21T19:13:23.049884+00:00,301364655319e399b6d48409dce2a1b699ef7c2c448fcc716daa862feafdb954
results/phase_I_test/figures/confusion_matrix_test_f0_7_opt_F_beta_SEED0.png,23634,2026-01-22T15:34:58.829472+00:00,e516f9beac44bd49717d879d5294995591e43c10dc7e221e686ad5c41b8b7fad
results/phase_I_test/figures/metric_heatmaps_per_fold_f0_7_f0_5.png,55933,2026-01-10T18:03:58.207196+00:00,68de7e38076c223d4feeec2071ab4e599bb41eb43175ad028ba573f1565fdf31
results/phase_I_test/figures/metric_heatmaps_per_fold_f0_7_f1.png,67693,2026-01-10T18:32:49.827853+00:00,44a08bee65aa6fdb13f0cd893e0444e7a3e2491e8180f9eff6eb1be448ce5bab
results/phase_I_test/figures/metric_heatmaps_per_fold_f0_7_f_beta.png,67718,2026-01-10T18:32:47.013322+00:00,634b18a60a54a2eb511bcce618331f6e4b361c1f6035563691e2152e3877287d
results/phase_I_test/figures/metric_heatmaps_per_fold_f0_7_opt_F_beta_SEED0_f1.png,58079,2026-01-22T15:34:55.952384+00:00,77b40bee5f972abc03ce9b74f6cd4e4cd4ed40213dca407e15317ca49aa50ff2
results/phase_I_test/figures/metric_heatmaps_per_fold_f0_7_opt_F_beta_SEED0_f_beta.png,57974,2026-01-22T15:34:54.364022+00:00,21d20855ec4c231c0faed400782aac257fc4055c8bb5f112ab207935d5198831
results/phase_I_test/figures/metric_heatmaps_per_fold_f0_7_opt_F_beta_SEED0_prec.png,58806,2026-01-22T15:34:57.302919+00:00,4d250154cac1024d2f6a77ede36e6cfdeb4c796229e779111fc240184e00225a
results/phase_I_test/figures/metric_heatmaps_per_fold_f0_7_opt_F_beta_SEED0_rec.png,55541,2026-01-22T15:34:58.538528+00:00,f2c453820be19acb4934e1c2253e31a9aa5574175b62a1e20080c57f5cc1b1b6
results/phase_I_test/figures/metric_heatmaps_per_fold_f0_7_opt_F_beta_f1.png,58097,2026-01-21T19:13:20.364551+00:00,a9be106e2dae2ffaf386ff543371a546f9617f2257e777000ef7bcb7e9addafd
results/phase_I_test/figures/metric_heatmaps_per_fold_f0_7_opt_F_beta_f_beta.png,57697,2026-01-21T19:13:19.059298+00:00,3fd7ab8dcd3e0a6e70bfa02435175361f8caa088852c391a43efa80ee1e8837f
results/phase_I_test/figures/metric_heatmaps_per_fold_f0_7_opt_F_beta_prec.png,58681,2026-01-21T19:13:21.633374+00:00,38babd1ecebca866940b09490e5808413bba4908ec07894763bf9a54479142f3
results/phase_I_test/figures/metric_heatmaps_per_fold_f0_7_opt_F_beta_rec.png,54755,2026-01-21T19:13:22.791209+00:00,9c25dd92b855b6ba150164d574bfe531b98a14434d770f615fc8549374c5f938
results/phase_I_test/figures/metric_heatmaps_per_fold_f0_7_prec.png,69338,2026-01-10T18:32:52.541657+00:00,315e7d5cd920cb83b7db7d6d98c2762da843e7c92a574ce51184dd6328688405
results/phase_I_test/figures/metric_heatmaps_per_fold_f0_7_rec.png,64434,2026-01-10T18:32:55.280162+00:00,fb1184e8ef9a356241839584f003d2669d539b8f139abac12fa86d76df39deef
results/phase_I_test/figures/pr_curves_all_folds_f0_7.png,234492,2026-01-10T18:32:55.963636+00:00,8b9bd6ea75c92b237b0e0d512ee17426b53d9eb5baf1f89fd458047fa2103948
results/phase_I_test/figures/pr_curves_all_folds_f0_7_opt_F_beta.png,216584,2026-01-21T19:13:23.005264+00:00,1e451f85af281ad0e4a6a02f5bc66beb7ab428a92d42beeb49cc1b1043e21644
results/phase_I_test/figures/pr_curves_all_folds_f0_7_opt_F_beta_SEED0.png,216584,2026-01-22T15:34:58.777138+00:00,1e451f85af281ad0e4a6a02f5bc66beb7ab428a92d42beeb49cc1b1043e21644
results/phase_I_test/figures/question_stability_f1_autorange_phase_I.png,96294,2026-01-23T11:30:26.531243+00:00,744aaaf2ef6e135bb7d86c749686c860ff217b923547debe728c6258eaf1a46a
results/phase_I_test/figures/question_stability_f1_phase_I.png,104785,2026-01-23T11:30:26.420838+00:00,c81b04cb64f697b76070807a66d5ed4e2c715b6815c095dd4de328ddae9c4874
results/phase_I_test/figures/question_stability_prec_phase_I.png,109881,2026-01-23T11:30:26.830608+00:00,8623fbabc776e44de15af439fadca70215b4edca50bcdd10856e2e6814ad295c
results/phase_I_test/figures/question_stability_rec_phase_I.png,121287,2026-01-23T11:30:26.997367+00:00,d8b5818b4af3a054583586f2be95b78efe4173394a0df2fe29327c8f209b296d
results/phase_I_test/figures/question_stability_scatter_phase_I.png,54174,2026-01-21T21:03:53.941152+00:00,84adfbfd42320c1952008469d28ece9798369431274469f4c0f4c07cecb297f9
results/phase_I_test/figures/roc_curves_all_folds_f0_7.png,241805,2026-01-10T18:32:55.641706+00:00,a9bebacae08da7329859ee93acd621a599d6ffdb76c642543c7af59db71c413c
results/phase_I_test/figures/roc_curves_all_folds_f0_7_opt_F_beta.png,222907,2026-01-21T19:13:22.900097+00:00,936f87ee6bbe549fde81fed5f4e2756b2d99290eefa7212dae9f2933018aa88d
results/phase_I_test/figures/roc_curves_all_folds_f0_7_opt_F_beta_SEED0.png,222907,2026-01-22T15:34:58.665932+00:00,936f87ee6bbe549fde81fed5f4e2756b2d99290eefa7212dae9f2933018aa88d
results/phase_I_test/logreg_repeats_phase_I.csv,15361,2026-01-22T13:14:41.635451+00:00,973640addfde94f4015f82c53c754c7ba5ae445667d559902b90590ccf4bad03
results/phase_I_test/metric_stability_results_phase_I_30seeds.csv,65754,2026-01-22T15:38:34.731104+00:00,2b76118032a6fe13c98fe2ded9193f4b734349da002d523a1eddaa562a2b7ff9
results/phase_I_test/metric_stability_results_phase_I_5seeds.csv,1379,2026-01-21T19:53:08.110998+00:00,1fde08dcd186c06608cb6f32240217102e027fb00d76cbe3263d3b56195773f6
results/phase_I_test/phase_I_filtered_combined_questions_with_success_gpt_4o_mini_test.csv,93193,2026-01-10T16:40:37.378690+00:00,ac8d0460815519e7082b0f2eb16f1d35291185b42495b9b692572b31e7fc3e21
results/phase_I_test/phase_I_filtered_combined_questions_with_success_gpt_4o_mini_val_split.csv,79865,2026-01-10T16:40:24.708577+00:00,e036ccbf139d224df8c0a9881d19224f3145944909f138728b60c9e389258e4d
results/phase_I_test/question_stability_metrics_phase_I.csv,7187,2026-01-23T11:30:27.006837+00:00,bf2c0040e008a6812ae893b4638e7933157d58dfe6238efc10fb3aeedda8dc34
results/phase_I_test/supplementary_figures/beta_auc_tradeoff_curve.png,36199,2026-01-22T10:55:31.373771+00:00,6873f072b048a87c621c0d393317f627d71238d199bbdf77a0e4f1c76e40c0b0
results/phase_I_test/supplementary_figures/beta_tradeoff_curve.png,47625,2026-01-22T10:55:31.137810+00:00,80e78595f64ceaa6d0070012c057d7ea812e8a2cb41c1f14375131959c14b7e0
results/phase_I_test/supplementary_figures/f1_comparison_bar.png,32632,2026-01-22T10:55:31.703292+00:00,844a39abdf68af1dfe9266167bd2cdaf7082a70094e35b2df7c5ca3e4f5fac2f
results/phase_I_test/supplementary_figures/metric_sensitivity_table_phase_I.csv,1262,2026-01-10T19:24:59.297351+00:00,a0dc4a0bb286e247f60dfefa36adf5b5b5fba3ed64c3cc557ec478d70027f01a
results/phase_I_test/supplementary_figures/metric_sensitivity_table_phase_I_granular.csv,2134,2026-01-10T19:32:58.690892+00:00,f5d8291d0a7451b61dfdce89edcd7dc3c6204a760fbc5ff262ea4df9b324ae21
results/phase_I_test/supplementary_figures/metric_sensitivity_table_phase_I_granular_no_min_q.csv,2680,2026-01-22T10:55:30.380235+00:00,39faa55775644b9fa53735d59843ace01c14c377f9b824fd2eb68d981c88d95c
results/phase_I_test/supplementary_figures/pareto_recall_spec.png,52669,2026-01-22T10:55:31.511862+00:00,78042b1c6502a33edc5c63c1338ca3f01133ee6186247b331f5860814d8281a1
results/phase_I_test/supplementary_figures/predicted_positive_rate_vs_beta.png,37215,2026-01-22T10:55:30.888129+00:00,43b5e4dd10800637fe1c35496e4af288dfa739305fa9eccafdece98dcb1d5054
results/phase_I_test/supplementary_figures/selected_nq_vs_beta.png,25875,2026-01-22T10:55:30.944038+00:00,02a1ddb50f5294d1619e266378a149f01e5d1b00066737efa353d58adcb66331
results/phase_I_test/supplementary_figures/selected_thr_vs_beta.png,27865,2026-01-22T10:55:30.998079+00:00,5d562fff69f2bc04083dd2468aaa3f9273f25116f425ca0aa7d40182d6fac6dd
results/stability_analysis/stability_correlation_phase_I.png,47583,2026-01-10T22:04:12.744438+00:00,f812c3ff3e1c60a47307e7d3f5763931ce854ab34b751b25d928fe96ad755988
results/stability_analysis/stability_correlation_phase_II.png,38205,2026-01-10T22:04:14.067384+00:00,2fd553b8683ec17f5cccd15e9350eba95f013772c60c679a212f1502f8fc7d61
results/stability_analysis/stability_correlation_phase_III.png,56869,2026-01-10T22:04:15.545961+00:00,73dea0dbf9d062510967d35cbe36d8cc6f752b85129ce57218fc68c99359f69a
results/stability_analysis/stability_trajectories_COMBINED_PHASES.png,119291,2026-01-10T22:04:16.039557+00:00,fb58374b839b082573ce0e724c79f275c243ed9c839aab0aca0de8138650f729
results/stability_analysis/stability_trajectories_COMBINED_PHASES_ALL.png,179330,2026-01-10T22:04:16.405837+00:00,b6ec04a4419a85a88da8f4c62029324e22f36c0423053f526f29d8c62e6ff0ce
results/stability_analysis/stability_trajectories_phase_I.png,83198,2026-01-10T21:38:58.110202+00:00,ec3632bfeb4190647c557706acaa0223a80924374cd272022cdfc4baa882911a
results/stability_analysis/stability_trajectories_phase_II.png,81738,2026-01-10T21:38:59.263124+00:00,1cff5572aff728e56f02c9374336e19596a42dfbf84aed3f8dccee3baf651401
results/stability_analysis/stability_trajectories_phase_III.png,78379,2026-01-10T21:38:59.740735+00:00,43bd0cfba530269ff80b774160b174716a134f51e14adce4ee41d6a2d7194c30
results/stability_analysis/stability_trajectories_phase_III_FULL.png,81045,2026-01-10T22:04:15.818612+00:00,5b8a77d205a7aabc75c9d05c0f9d5a880dea2a6f3fb69ef97f87dcbddae94d67
results/stability_analysis/stability_trajectories_phase_II_FULL.png,89258,2026-01-10T22:04:14.329527+00:00,b5998a1cf01b60709d48145b0f705495ce6166fdd4168843fae2cde25d3e7b5f
results/stability_analysis/stability_trajectories_phase_I_FULL.png,115514,2026-01-10T22:04:13.038937+00:00,db08cbb0680b6749a5115d5c7ccac1107cd2aec0ec215b19d03955e010259721
scripts/.DS_Store,6148,2025-06-26T21:11:29.058418+00:00,d65165279105ca6773180500688df4bdc69a2c7b771752f0a46ef120b7fd8ec3
scripts/01_build_clin_trial_summaries.py,5479,2025-11-23T18:36:22.489789+00:00,5db8247189ae03ee3c283ec191b2a5d0d97df0bc48eb470cce0594e44f6e92e2
scripts/01_build_clin_trial_summaries_parallel.py,7487,2025-11-23T19:52:08.416618+00:00,2e0d54616dbe07e1c14e49aaabb0ee88fe72ce506b71107315eef7c7007c1b9e
scripts/02_clin_trial_question_generation.py,2280,2025-11-23T21:14:42.918304+00:00,96d09e86b39cee74f74d1123eae8e4f49ee3e0ae659933887b2becc8dd2a2538
scripts/03_validate_questions.py,5574,2025-11-23T21:11:47.711714+00:00,6eecea1fba50992879efca6262a05056ee5c8092afe4736d21e21893f9a05371
scripts/03_validate_questions_final.py,7684,2026-01-09T17:55:11.013512+00:00,2888cb62db3d47f4b3bdb9d4f8be819f824399f5d8923789901589195e1b617e
scripts/03_validate_questions_parallel.py,8551,2026-01-08T21:07:43.167479+00:00,c1e19a560e996da041ac51d083643be5a84040de27f2c10d75530faba471ff3d
scripts/04_explore_predictions.py,7845,2025-07-02T11:46:21.712148+00:00,729604d5e9f39991ed5710c8a0b7875ee989c34051dd7d494e7e80617361f462
scripts/05_stats_test_questions.py,5651,2025-06-27T15:18:54.841902+00:00,2ba5bfc29c407d35ee5d8b412665f4678ac59fadd005b90a290ba9c75b11fdfa
scripts/06_analyse_final_predictions_V3.py,18106,2026-01-10T17:36:17.426380+00:00,6c4f4093be7c05a22b6e5e7756be04185bf750b63229cb9967417646ede8d5cb
scripts/07_hyperparameter_validation.py,15107,2026-01-21T21:17:51.746712+00:00,f6d308121a7ee6b81a354a247e3013f8960672fa91a132aeb457c565b3cc9ea4
scripts/07_hyperparameter_validation_BOOTSTRAP.py,21925,2026-01-22T15:34:33.632318+00:00,2480bbdc8f89b2237bff748ea08ce83e3ad40bc85518692dc7008f9d132c1d70
scripts/08_stats_comparison.py,3235,2026-01-21T20:09:28.323679+00:00,50f805e59cd9aebfdcdfa7742a7bba47d117a037404c2a4512b5dd688bd87dac
scripts/09_logistic_regression.py,5977,2026-01-21T20:29:43.839459+00:00,d2daecc56a1772a8e63860b92e04d0b9089e80565384419b08c2bc78fae95466
scripts/09_logistic_regression_explore.py,14416,2026-01-22T13:13:04.029540+00:00,5cb7f4246cb42f88d77a3203652c899e2d9289580046dca7382f59ba3735c13a
scripts/09_question_stability_analysis.py,12750,2026-01-23T11:30:21.450028+00:00,4881a04acb6a92be66fe2b51ce963a7062e80cc829c8b06aec70484eddf1eef1
scripts/10_optimization_sensitivity_analysis.py,7265,2026-01-10T19:01:14.467435+00:00,17fd5249b401153bdf85631a4f136212597a4d49b281c7debc7f04f9d8bcf280
scripts/11_metric_sensitivity_supplementary.py,12538,2026-01-22T10:55:06.443793+00:00,2c0f580c116bdd850d5b4cc3f40110f1c4dd75d6ef146ecdc796e2b7a8b4d156
scripts/12_f1_stability_analysis.py,6888,2026-01-10T21:30:35.196408+00:00,76803c56ff0db4b28f3bf11dbd0008ec9015220fa29f02a278700252c023813c
scripts/13_stability_analysis_full_sets.py,10855,2026-01-10T22:03:58.642398+00:00,dcf73f17ae8107aa383b88f1023d5fde7142111fe9b8983ddf4c486ed92b6c0d
scripts/archive/09_stability_exploration.py,10430,2026-01-21T20:15:33.810643+00:00,92f722843acca24d27a438fd8d3761e3b97d103b08bba7a58b29a95d09bb4c21
scripts/clinical_trial_results_figures.ipynb,162887,2026-01-22T22:11:32.048056+00:00,b9d6fbf98ee33eb46f3a4b5dfef5672dc576ae9940ab9cd84f5fd61eeba3d8f4
scripts/compare_and_combine.py,3492,2026-01-09T15:49:00.018895+00:00,a596df3da879accc938e2849d720f577bfce2576fb60c1dffe4ee5b3640d2abb
scripts/save_filtered_questions.py,4711,2026-01-09T16:19:52.046399+00:00,618dc50c26ab59d4f8be7704e01d72181b139d3db30e9d23506e21d39e427569
